joint,angle_bin_deg,samples,source_curves,angle_deg,shape_factor,shape_factor_q25,shape_factor_q75,reference_rate_per_command,direction,universal_rate_per_command,shape_factor_raw,universal_rate_per_command_raw
arm,32.0,20,2,32.108362,1.044836444144305,1.0565869058358281,1.0824776216242082,35.13663775,0,36.71203964589655,1.0695322637300182,37.57976771261911
arm,34.0,27,3,34.0216635,1.0395460408703197,1.0801379409111496,1.0946474718422188,36.5152225,0,37.95925498137382,1.0926211295420387,39.897303653428864
arm,36.0,27,3,35.9592495,1.0336483540296775,1.043641603747651,1.08473022963975,36.5152225,0,37.74389963415244,1.061407629166291,38.75753574220461
arm,38.0,30,3,37.836502,1.027482352727842,1.0428906447147166,1.0571643761620781,36.5152225,0,37.51874672468063,1.0531482097140712,38.45594120318597
arm,40.0,32,3,40.0785505,1.0196561283290106,1.0224678188439322,1.0518535930659099,36.5152225,0,37.23297039942238,1.0279371562098087,37.535353975018424
arm,42.0,35,4,42.141416500000005,1.0121353336721555,0.9906995537847392,1.0095465245205435,35.59292104166667,0,36.024853014873976,0.9969423141350425,35.48408907010502
arm,44.0,38,4,44.0224325,1.005093864273215,0.985378870862956,1.0097029122857701,35.59292104166667,0,35.77422655054018,0.9981141776238281,35.525799114732976
arm,46.0,46,4,46.038725,0.997396975872826,0.9889938995077099,1.0245505217744924,35.59292104166667,0,35.500271809438615,1.0082243432365496,35.885649441104746
arm,48.0,44,5,48.064365,0.9895162567003001,0.9484732769682166,1.0436350845427036,34.670619583333334,0,34.307141707580115,0.9923314001550979,34.404744475373924
arm,50.0,63,6,49.9966545,0.9818521462612774,0.9768322241497389,1.1493493993248345,34.21433629166667,0,33.59341952087803,0.998702756388292,34.16995196248347
arm,52.0,65,6,52.02700325,0.9736603332134905,0.9538954788772847,1.0898039990016934,34.21433629166667,0,33.31314207442259,0.9831265383988099,33.637022002039025
arm,54.0,66,6,54.11396675,0.9651798802022574,0.9632998216996662,1.0334168654500218,34.21433629166667,0,33.02298900319058,0.9841756325458966,33.67291606198907
arm,56.0,66,6,55.953875499999995,0.9578048390586993,0.9336882544762748,0.9887360911168985,34.21433629166667,0,32.77065686534001,0.9692214002530393,33.16126692933755
arm,58.0,70,6,58.001791999999995,0.9499617500140138,0.9275613992133919,0.9603086698009433,34.21433629166667,0,32.502310779199654,0.9460652681010591,32.368995236675424
arm,60.0,70,6,59.9818505,0.9430471961206837,0.9055481361490274,0.9490123326661334,34.21433629166667,0,32.265733906986405,0.9315484138933356,31.872310704915275
arm,62.0,75,6,62.0165225,0.936948478480631,0.8571348832597917,0.9383172643891979,34.21433629166667,0,32.05707033070172,0.9047756204579133,30.95629734684841
arm,64.0,72,6,64.06948475,0.9321020411228426,0.830854070986395,0.9336991014954397,34.21433629166667,0,31.89125269312585,0.9178625943666796,31.40405947320321
arm,66.0,76,6,65.99038099999999,0.9289119200758384,0.7989507094520916,0.9291439368378512,34.21433629166667,0,31.782104818812527,0.9162729217579677,31.34966987997509
arm,68.0,77,6,68.009117,0.9270135337806954,0.7607752112851017,0.9194784880068146,34.21433629166667,0,31.71715279169901,0.9034601311567803,30.911288753511354
arm,70.0,80,6,70.0138285,0.9265627870715395,0.7473119780536932,0.9294495411140614,34.21433629166667,0,31.70173079220959,0.9213964001710759,31.524966293384267
arm,72.0,79,6,72.0149725,0.9274378733173189,0.7252604105897463,0.9392113325440306,34.21433629166667,0,31.7316712873069,0.9254176230363815,31.66254976480157
arm,74.0,79,6,74.002588,0.9294987885705593,0.7880332732494847,0.9275155857872331,34.21433629166667,0,31.80218413484989,0.9217136202874552,31.53581976912455
arm,76.0,57,5,76.003265,0.9326673498486525,0.9243741161389447,0.9481148734369904,34.670619583333334,0,32.33615488439829,0.9366566459600055,32.47446625228029
arm,78.0,73,6,77.96499449999999,0.936771222364772,0.8951900351683814,0.9374745627064255,34.21433629166667,0,32.051005630343965,0.9299712497114635,31.818349079209533
arm,80.0,71,6,79.94677725,0.9418892769953595,0.9098923236752223,0.9377796946787194,34.21433629166667,0,32.22611647263401,0.9241575988342098,31.61943887301283
arm,82.0,72,6,81.98328025,0.9481713391605106,0.8988777003349421,0.9601764127619772,34.21433629166667,0,32.44105306015764,0.9394151373141242,32.141465425547665
arm,84.0,69,6,83.9980105,0.9554362307415533,0.926267058918425,0.9647461611672133,34.21433629166667,0,32.68961650383393,0.947081960088541,32.40378067824017
arm,86.0,68,6,86.01980775,0.9638170802590672,0.9206647757537687,0.9951914921425786,34.21433629166667,0,32.97636170763601,0.9633597029811699,32.960712847637865
arm,88.0,69,6,87.896389,0.9726030371494453,0.9555430856487349,0.9996101704414573,34.21433629166667,0,33.27696739132749,0.9713003310025278,33.23239616512763
arm,90.0,65,6,89.96079225,0.9833962509367649,0.9473025033860046,1.0053640078304684,34.21433629166667,0,33.6462500375147,0.9599670225674124,32.84463453903141
arm,92.0,69,6,92.007513,0.9952276280800884,0.9490411095252832,1.014678062184473,34.21433629166667,0,34.051052753889905,0.993627310673811,33.996298955978126
arm,94.0,63,6,93.93893399999999,1.0073429141006303,0.9764036002581147,1.0385530295962546,34.21433629166667,0,34.465569224066456,0.9917961021317709,33.933645371100596
arm,96.0,67,6,95.9957235,1.021124955602369,0.979263034295087,1.0450479955708136,34.21433629166667,0,34.93711262679265,0.999807580341277,34.20775278075399
arm,98.0,65,6,98.03421975,1.0355237319522757,1.0108512617036602,1.07504295084345,34.21433629166667,0,35.429757203016855,1.044935177382285,35.751763561949865
arm,100.0,62,6,100.019436,1.0501249734695643,1.0333040566244367,1.1164890619430714,34.21433629166667,0,35.92932899056521,1.0683640276701616,36.553366124626386
arm,102.0,62,6,102.0589065,1.065657968910572,1.048205986744488,1.0906191959729161,34.21433629166667,0,36.46078012020077,1.0724958404077638,36.694733355124896
arm,104.0,59,6,103.9925045,1.080916947950841,1.069805337926273,1.1053117073355636,34.21433629166667,0,36.98285596055203,1.086130992200713,37.16125102395678
arm,106.0,61,6,106.002701,1.0974576295206104,1.0504502489535088,1.1249141855758322,34.21433629166667,0,37.5487844022735,1.0670450159699714,36.50823701474343
arm,108.0,59,6,108.04689049999999,1.1151810677126608,1.0900029967386342,1.1842790032025419,34.21433629166667,0,38.155180076820876,1.1349360072158694,38.831082220405186
arm,110.0,60,6,110.0969465,1.1340695445974946,1.0969198219123968,1.1836223802098775,34.21433629166667,0,38.801436776995956,1.1401662507438073,39.01003153135736
arm,112.0,48,5,111.98735,1.1525899031934317,1.070428014368334,1.2465942223905095,34.670619583333334,0,39.96100606921046,1.097279184043041,38.04334916666668
arm,114.0,59,6,114.01535799999999,1.1736541864390273,1.03036745910692,1.2559703499057118,34.21433629166667,0,40.15579902494733,1.1280703420817946,38.59617804464198
arm,116.0,36,4,115.86422350000001,1.193871134851841,1.0468550139653698,1.4461567483054532,34.21433629166667,0,40.84750849673461,1.2526705403182419,42.859291129112115
arm,118.0,28,3,118.135284,1.2198825462432796,1.249923362259116,1.3225009559546597,36.5152225,0,44.5442825999399,1.303334314694669,47.591542492960855
arm,120.0,50,6,120.043915,1.2426533320006923,1.2065554546570953,1.2689185853233909,34.21433629166667,0,42.516558995031794,1.2436032775456867,42.549060751367
arm,122.0,41,5,121.871838,1.2652247369656358,1.2297304403779619,1.3118286139656168,33.758053,0,42.71152372739699,1.2932364858295518,43.65714583016775
arm,124.0,36,4,123.86992649999999,1.2907933316084175,1.257524450031178,1.320760740392062,33.1400115,0,42.77690585362627,1.291795694827615,42.81012418223765
arm,126.0,28,3,126.086067,1.320273914905454,1.2901170022035342,1.3452865754913081,32.521969999999996,0,42.937908652337725,1.3199309308232727,42.92675413430655
arm,128.0,25,3,128.193146,1.3492509087563977,1.2903043887568528,1.3795609730283427,32.521969999999996,0,43.8802975770483,1.2968693545943681,42.176746244037396
arm,130.0,14,2,130.00095375,1.374527189635421,1.3166450600909407,1.4146093127704726,30.211419125,0,41.52641702478406,1.3656271864307068,41.2575352977526
arm,132.0,18,2,132.0136565,1.4025629798658037,1.4512274069660405,1.5180057535746472,33.596294791666665,0,47.120919335449976,1.4846165802703437,49.87761628335852
arm,134.0,22,3,133.839722,1.4273176496824107,1.3832233854622056,1.4747259849910879,32.521969999999996,0,46.419181783441864,1.428775639489281,46.46659848420121
arm,136.0,26,3,135.941666,1.4543012488822549,1.4773614140724851,1.5670784863870337,32.521969999999996,0,47.29674158711122,1.5360633803931887,49.955807175245866
arm,138.0,21,3,138.1120455,1.479822019954107,1.6351651285131585,1.7042186472392062,32.521969999999996,0,48.12672733828686,1.6780153926438701,54.57236625910216
arm,140.0,22,3,140.10813100000001,1.5008311012856455,1.5562234281027503,1.6376949649687376,32.521969999999996,0,48.809984051078715,1.610854009892685,52.3881457841096
boom,-48.0,59,3,-48.042461,1.2663295687455007,1.274386296762001,1.386390095438085,13.32856875,0,16.878360717182257,1.385070883923677,18.4610125
boom,-46.0,62,3,-46.024994,1.2541466297113404,1.3069209613223665,1.3429560978682664,13.32856875,0,16.715979576688394,1.3118127756667426,17.484586767602508
boom,-44.0,70,4,-43.9817515,1.2403424443332838,1.1956846365781537,1.2944835341639258,14.446001875,0,17.9179892764807,1.2497592497426027,18.054024465080232
boom,-42.0,78,4,-41.923781250000005,1.224924324625679,1.2626690662842175,1.355620539774362,14.446001875,0,17.695259090275666,1.2902681482776117,18.63921608927116
boom,-40.0,90,4,-40.011082,1.2092945763788086,1.2281525268989824,1.272305790025191,14.446001875,0,17.4694717177956,1.240230035360027,17.916365416242268
boom,-38.0,96,5,-37.9566365,1.19128655163915,1.2201356953648903,1.321538719365703,15.563435,0,18.540510812810055,1.2503288510654942,19.4594118021825
boom,-36.0,122,6,-35.950122750000006,1.172759895656767,1.1470713554035856,1.2335769491595068,15.620879166666668,0,18.31954062156697,1.1758309295681317,18.367512871213133
boom,-34.0,124,6,-34.0093155,1.1543049458630192,1.1470737075167547,1.2282105237549936,15.620879166666668,0,18.031258080811934,1.1793352458027428,18.42225337167578
boom,-32.0,130,6,-32.0160995,1.135204730956518,1.1066405753062407,1.1636025032824668,15.620879166666668,0,17.732895931700114,1.1339807700917242,17.71377658692644
boom,-30.0,132,6,-30.0011805,1.1161600006217336,1.0825305075001705,1.1299476658721357,15.620879166666668,0,17.435400500378694,1.101448026977185,17.205586537774014
boom,-28.0,135,6,-28.00269475,1.097901562256475,1.0753680617850745,1.091456834730631,15.620879166666668,0,17.150187640902956,1.0817076629258149,16.897224696221553
boom,-26.0,136,6,-25.993172,1.0804629378826827,1.0563395248918899,1.0936351430412912,15.620879166666668,0,16.87778099672706,1.069290829857711,16.703262847232033
boom,-24.0,142,6,-23.96415125,1.063979216250873,1.0404719947789276,1.0572846266081724,15.620879166666668,0,16.62029077289959,1.0480883248439659,16.372061078381673
boom,-22.0,140,6,-21.999308,1.049176513520586,1.0465115855026188,1.082137444237023,15.620879166666668,0,16.38905954220969,1.051032361300518,16.418049516131735
boom,-20.0,142,6,-20.003519,1.0353187528444638,1.0047565672945045,1.0420577134239135,15.620879166666668,0,16.172589137167403,1.027659962994722,16.052952106361694
boom,-18.0,147,6,-18.0026395,1.0225854038348674,1.0087285309754879,1.0183104633091653,15.620879166666668,0,15.973683030901501,1.0129766957798316,15.823586563426012
boom,-16.0,147,6,-15.9904115,1.010907358408549,0.9899176415879917,1.0171597292346952,15.620879166666668,0,15.791261694394139,1.0091983963474243,15.76456620453689
boom,-14.0,146,6,-13.99281275,1.0004014359826123,0.9778834674102601,1.0003471594449826,15.620879166666668,0,15.627149949644208,0.9952148459018464,15.54613085270553
boom,-12.0,150,6,-12.0248855,0.9911028885005947,0.9727746591309733,0.9941178147497539,15.620879166666668,0,15.481898463002098,0.9792041845290013,15.2960302460219
boom,-10.0,152,6,-9.992136,0.9826090384815596,0.9593963957499299,0.9797366022257786,15.620879166666668,0,15.349217058194961,0.9742727904653905,15.218997535231019
boom,-8.0,151,6,-8.022415500000001,0.9754870512869517,0.9586840138951769,0.970211603903333,15.620879166666668,0,15.237965356801443,0.9612589751495941,15.015710298685647
boom,-6.0,154,6,-6.000703,0.969353051241461,0.9526201898849079,0.9747100864739964,15.620879166666668,0,15.142146883282505,0.9634578066235058,15.050057979447486
boom,-4.0,152,6,-3.970382,0.9644354240703913,0.9490448233129611,0.9648735686152209,15.620879166666668,0,15.065329223456509,0.9591388103810413,14.982591461022661
boom,-2.0,154,6,-1.9770662499999998,0.9608567716370188,0.9390873108845768,0.948121483996006,15.620879166666668,0,15.0094275262153,0.9443922934087674,14.75223790126957
boom,-0.0,152,6,-0.003777250000000001,0.9585602073081827,0.9320469458608036,0.9605379574462459,15.620879166666668,0,14.973553172336073,0.9490933424778842,14.825672420734815
boom,2.0,154,6,1.98696675,0.9575098407275197,0.9486210278089553,0.9550571378576708,15.620879166666668,0,14.957145522898832,0.950669616421499,14.850295205541588
boom,4.0,155,6,4.02300175,0.9577353266123313,0.9272329737730699,0.9572450089600126,15.620879166666668,0,14.960667810659263,0.943054243635014,14.731336387434784
boom,6.0,152,6,6.0109829999999995,0.9591719338021192,0.9343966314220646,0.9452461888825577,15.620879166666668,0,14.983108877980904,0.9438942533547923,14.744458077766264
boom,8.0,154,6,7.9947465,0.9617090832751275,0.9436601022894829,0.9579576088559968,15.620879166666668,0,15.022741383326538,0.9540134801872062,14.902529297375494
boom,10.0,149,6,9.9636745,0.9651794682412862,0.9581663920656158,0.9685195267498825,15.620879166666668,0,15.076951847544722,0.9623701460120984,15.033067764462347
boom,12.0,155,6,11.997670750000001,0.9695716633779684,0.9504067172244037,0.9663469155215129,15.620879166666668,0,15.145561797051254,0.954344911540424,14.907706546496154
boom,14.0,149,6,14.003813000000001,0.9744868472603401,0.957054303639996,0.9823964162179135,15.620879166666668,0,15.22234129055973,0.9764601633827275,15.253166223265179
boom,16.0,150,6,15.9885905,0.9796905998083334,0.9726295301202927,0.98746979444609,15.620879166666668,0,15.303628480325168,0.9797215752239521,15.304112343549685
boom,18.0,149,6,17.98711375,0.9850506186437702,0.9778106966582629,0.9970279217176339,15.620879166666668,0,15.387356686884583,0.9847372578856701,15.382461716346727
boom,20.0,145,6,19.99825,0.9903645975255307,1.0012300198081807,1.0125660588937608,15.620879166666668,0,15.470365708890784,1.006191784285199,15.717600280811828
boom,22.0,125,6,21.94161025,0.9952661216010293,0.993854504983182,1.0267998540224557,15.620879166666668,0,15.546931824206654,1.0101672748816601,15.779700939047366
boom,24.0,76,4,23.90634,0.9998708442109228,1.0269997071802797,1.0412459410723585,16.354448166666668,0,16.35233589500878,1.036242397623766,16.947172580040274
boom,26.0,63,3,26.017671,1.0043372196529503,1.031838683688755,1.0496259890854778,17.030573,0,17.104438335916605,1.0346845053305018,17.62127
boom,28.0,73,3,28.346663,1.008625603931559,1.0189103067863021,1.0259919981309613,17.030573,0,17.177471977425505,1.0194261956523951,17.3614122431704
bucket,-116.0,21,3,-115.91552,1.105885730962736,1.1921529211096402,1.2307670709145944,44.76373666666667,0,49.50357764424009,1.2148638139584584,54.38184385389876
bucket,-114.0,21,3,-113.958473,1.0930044865200743,1.1507604930888409,1.1706988176904467,44.76373666666667,0,48.92696501006982,1.1568558359106305,51.78519000000001
bucket,-112.0,21,3,-112.0055545,1.0787269560416324,1.114660458658836,1.154870406121129,44.76373666666667,0,48.28784939548254,1.1500555283171556,51.48078282163336
bucket,-110.0,23,3,-110.123131,1.0637293068109632,1.0672307996934107,1.0840973745490834,44.76373666666667,0,47.61649857470183,1.0783893888527143,48.27273862673051
bucket,-108.0,23,3,-107.999428,1.0456598159413848,1.0494757183014833,1.0883554626203287,44.76373666666667,0,46.80764064371528,1.0834615918096997,48.49978938421689
bucket,-106.0,25,3,-105.9448395,1.0275217583548162,1.001910833496386,1.0443927268741477,44.76373666666667,0,45.99571341026529,1.0314369889486912,46.17097376155879
bucket,-104.0,25,3,-104.042801,1.010725950766038,0.9995661312225654,1.012702286345566,44.76373666666667,0,45.24387030225722,1.009537299379417,45.19066182459805
bucket,-102.0,23,3,-102.029789,0.9935776445976671,0.9639961085028452,0.996700501441147,44.76373666666667,0,44.47624804065689,0.9934010028822939,44.46834089742558
bucket,-100.0,31,4,-99.9905755,0.9774485445880017,0.9317447790491922,0.9764000121123664,47.205195208333336,0,46.14064935337793,0.9602165109277978,45.327207840611436
bucket,-98.0,31,5,-98.018333,0.9634326184212608,0.9296158698696662,0.9792734268621277,49.64665375,0,47.83120561821621,0.9511439880201399,47.22111623963003
bucket,-96.0,47,6,-95.9434205,0.9505559029699132,0.9152616784026874,0.9430117083944238,48.549629124999996,0,46.14913655176877,0.9317973421116768,45.23841537918265
bucket,-94.0,48,6,-93.9782395,0.940110961483528,0.9098291166998478,0.9479661159561389,48.549629124999996,0,45.64203851637244,0.9401582810946942,45.6443358659449
bucket,-92.0,47,6,-91.9224855,0.930863925538848,0.9030906164403601,0.9493874021291411,48.549629124999996,0,45.193098350752685,0.9354477035676678,45.415639074043206
bucket,-90.0,50,6,-89.9723815,0.9235091985375649,0.9008778600998651,0.9221700959147809,48.549629124999996,0,44.83602908252476,0.9122511962360298,44.28945724609684
bucket,-88.0,47,6,-88.02029425,0.9173871755578311,0.8956839761126895,0.9205573686642309,48.549629124999996,0,44.53880713736396,0.9132468795169624,44.33779730011208
bucket,-86.0,51,6,-86.07698625,0.9124402068931637,0.8949620361976478,0.9062392459521244,48.549629124999996,0,44.29863364340137,0.9000733042294519,43.69822510565318
bucket,-84.0,52,6,-83.95080575,0.9083080732343995,0.8855119737621613,0.9037885066001504,48.549629124999996,0,44.09802008677343,0.8978622703922042,43.59088023287198
bucket,-82.0,48,6,-81.89490675,0.9056076186130629,0.8866068870639848,0.9221836935760134,48.549629124999996,0,43.96691401643865,0.8895931399393655,43.189417016200416
bucket,-80.0,50,6,-79.96058475000001,0.9042754334281248,0.8896910531897144,0.909662949363385,48.549629124999996,0,43.90223691978408,0.9031852139257757,43.84930716728019
bucket,-78.0,48,6,-78.0109865,0.9041642336453672,0.8743382840215863,0.9115142260745334,48.549629124999996,0,43.89683821157242,0.8887143045587791,43.146749884411015
bucket,-76.0,51,6,-76.03255675,0.9053459646903195,0.875828335567964,0.9027599460890513,48.549629124999996,0,43.95421081553035,0.892335214174375,43.32254370334334
bucket,-74.0,48,6,-74.08289325,0.907789910426316,0.8727401198714795,0.928765527466372,48.549629124999996,0,44.07286347461461,0.8895260786431117,43.186161215138654
bucket,-72.0,52,6,-71.99056999999999,0.911791923732775,0.8927113991973717,0.9320254329550796,48.549629124999996,0,44.26715973639651,0.9129432099855934,44.323054256987554
bucket,-70.0,48,6,-69.98147,0.9169071077604725,0.893217147324735,0.9228981614418803,48.549629124999996,0,44.515500023847345,0.8998199311967842,43.68592393888689
bucket,-68.0,48,6,-67.98040775,0.9231363869219901,0.8857123655050442,0.9401744962474751,48.549629124999996,0,44.81792921685511,0.9094352730842001,44.152745221431005
bucket,-66.0,47,6,-66.0823405,0.9299753946433413,0.9011604559885096,0.962714532481291,48.549629124999996,0,45.14996050530973,0.9318880142988873,45.24281748024367
bucket,-64.0,48,6,-64.04569525,0.938182731755908,0.9019990889548348,0.9464101136208729,48.549629124999996,0,45.548423678228694,0.9241415841880032,44.86673117131752
bucket,-62.0,49,6,-62.00950825,0.9471457984248816,0.9136168241055902,0.9832284516478662,48.549629124999996,0,45.98357724083,0.9582067194450052,46.520580854137926
bucket,-60.0,46,6,-60.06732925,0.956283974163306,0.9203637944067663,0.9825566817915795,48.549629124999996,0,46.42723228380959,0.9392256743244268,45.59905815312895
bucket,-58.0,46,6,-58.04063975,0.9663427462642721,0.9596350102013522,1.0026089756730914,48.549629124999996,0,46.91558193876438,0.9836410814263412,47.755409695362786
bucket,-56.0,46,6,-55.9878465,0.9770313830234227,0.9407747654707941,0.998219654371618,48.549629124999996,0,47.43451128927299,0.9713550912250066,47.15892942765461
bucket,-54.0,42,6,-54.10642725,0.987293400027955,0.9559816136853777,1.0195170062233103,48.549629124999996,0,47.93272840891748,0.9770556034036681,47.43568717975117
bucket,-52.0,47,6,-52.089663,0.998907069107359,0.9711658451048262,1.0479156950548412,48.549629124999996,0,48.49656773550302,1.0080238703701794,48.939185055619284
bucket,-50.0,39,5,-49.956505,1.0121600775802813,0.9664016018340995,1.0605323498090455,47.4526045,0,48.029631852106405,0.9738681120007389,46.21257835393276
bucket,-48.0,39,6,-47.973870250000004,1.025782529832105,1.0133208384655086,1.1123605720867649,48.549629124999996,0,49.80136138625294,1.0573079928653186,51.33191092450936
bucket,-46.0,44,6,-46.028000750000004,1.040880070317254,1.012355849842761,1.129380869398543,48.549629124999996,0,50.5343413775066,1.0698581028286198,51.9412141087056
bucket,-44.0,37,5,-43.956732,1.059442390259011,1.0345046445680612,1.0898857602072392,49.64665375,0,52.5977695172615,1.0351204682973238,51.39026747909509
bucket,-42.0,42,6,-41.948392999999996,1.080451398817944,1.0025919935507712,1.054520472061435,48.549629124999996,0,52.45551470019864,1.0242694134671253,49.72790014791021
bucket,-40.0,23,3,-40.057745,1.103281569361776,0.9364285914301171,1.027833183941588,54.6153025,0,60.25605665336812,0.9452082820561141,51.62283624999999
bucket,-38.0,40,6,-38.054226,1.1308109803982869,1.0540383953932384,1.2351980713030912,48.549629124999996,0,54.90045370881447,1.1168210112511936,54.2212458952529
bucket,-36.0,37,6,-36.02779875,1.1619576119116912,1.1319576987108844,1.2675489984150752,48.549629124999996,0,56.412611117283284,1.1961603335284674,58.07314056684339
bucket,-34.0,30,5,-33.920280500000004,1.197369626176412,1.154352065122158,1.2743892633448635,49.64665375,0,59.44539524154726,1.1576664428806929,57.47426504769191
bucket,-32.0,34,6,-32.0582285,1.2306407270939512,1.1814971646300885,1.3714263182868875,48.549629124999996,0,59.747150886531664,1.2653521660115117,61.432378372374316
bucket,-30.0,34,6,-29.990341,1.269068679579543,1.2310994062345002,1.4161539768323619,48.549629124999996,0,61.61281372774027,1.3224045918392702,64.20225248699356
bucket,-28.0,26,4,-28.063808,1.3056667314609938,1.2401078394495277,1.315381168570219,51.033953499999996,0,66.63333525987734,1.258842894297282,64.2437297313729
bucket,-26.0,23,5,-26.004939999999998,1.345097530078624,1.29902467680529,1.652771143419114,49.64665375,0,66.77959133579365,1.3133848109694164,65.20516095070782
bucket,-24.0,24,5,-23.9925205,1.3836421350769543,1.3293360009354176,1.6438532828166956,47.4526045,0,65.6574230053423,1.6243544905135636,77.07985120613914
bucket,-22.0,17,4,-22.162276499999997,1.4186593871268647,1.3697708531544117,1.5267955918929703,52.130978125,0,73.95610147713649,1.4419646669969326,75.17102851224
bucket,-20.0,20,4,-20.0535845,1.4592280284044659,1.4133957451408994,1.506275860774184,51.033953499999996,0,74.47017534749018,1.4265511523208405,72.80254517291318
bucket,-18.0,14,3,-18.001461,1.4995433058926717,1.4580153704809682,1.6197871666879828,47.4526045,0,71.15723542514748,1.4745818219524705,69.972748
bucket,-16.0,18,4,-16.083079,1.5387473912197418,1.5223917475225892,1.687344164379278,51.033953499999996,0,78.5283628117546,1.6028178733470795,81.79813281736374
bucket,-14.0,14,4,-14.00380275,1.5838229134967263,1.5317508474361938,1.6431532537289022,51.033953499999996,0,80.82874491962644,1.558331716719862,79.5278283686566
bucket,-12.0,13,3,-11.8944185,1.6331516160054287,1.5955721910212213,1.6218623339899711,54.6153025,0,89.19506953650033,1.6142567849262313,88.16312262142355
bucket,-10.0,7,2,-10.000383249999999,1.6809535993951665,1.6145340430101551,1.636564826803461,54.57391870833334,0,91.73622508587214,1.625549434906808,88.71260271698134
bucket,-8.0,12,3,-7.9823255,1.7355282903114113,1.7390394899010284,1.7524010204291085,54.6153025,0,94.78640257266555,1.7439989673972582,95.24903116408889
bucket,-6.0,7,2,-6.23943575,1.7853550370377433,1.815991390032027,1.8257650831831231,51.033953499999996,0,91.11372594117496,1.820878236607575,92.92661525619297
bucket,-4.0,11,3,-3.906158,1.8551068583432457,1.8553990809937992,1.8770792531215195,54.6153025,0,101.31722223824102,1.8691145672954939,102.0822575
bucket,-2.0,12,3,-1.638166,1.9251475344998163,1.9538902490019003,1.9685234442203239,54.6153025,0,105.14251495383665,1.9650820619367622,107.32355125
bucket,-0.0,6,2,0.2103425,1.9831202083803563,2.0190530068222294,2.0266308649249027,58.155267708333334,0,115.3288866161654,2.022841935873566,117.63891431237047
bucket,2.0,9,3,2.163776,2.0446540656484316,2.1006746826271323,2.1327004716716917,54.6153025,0,111.66940030324395,2.115429828480763,115.53483999999997
bucket,4.0,9,3,4.032994,2.1032654420024492,2.0931605655672776,2.1572049515398475,54.6153025,0,114.87047835275997,2.1276945458646868,116.20468125
bucket,6.0,6,2,6.254649499999999,2.171737051163844,2.2208324483547086,2.2240173970678656,51.033953499999996,0,110.83232768332273,2.222424922711287,113.4191301628889
bucket,10.0,7,3,9.693582,2.2723307896376577,2.4349693624303406,2.499444507053117,54.6153025,0,124.10403345612454,2.455281306003935,134.09593124999998
bucket,12.0,6,2,11.518369,2.321527465804053,2.4922301595101204,2.5284393451284,51.033953499999996,0,118.47672473881686,2.5103347523192605,128.11230701929514
bucket,14.0,6,2,14.154118,2.3858007453397256,2.612420609737729,2.6886430881561356,58.155267708333334,0,138.74688104397293,2.6505318489469323,154.14238924497258
bucket,16.0,2,1,16.326452500000002,2.432031269875675,2.7166772521909937,2.7166772521909937,61.69523291666667,0,150.04473565559638,2.7166772521909937,167.60603583333335
