joint,amplitude,direction,angle_bin_deg,samples,angle_deg,forward_vel_deg_s,rate_per_command
arm,0.4,-1,30.0,29,29.93553,9.634756,24.086889999999997
arm,0.4,-1,32.0,29,31.971951,9.731104,24.327759999999998
arm,0.4,-1,34.0,30,34.0059665,9.819703,24.5492575
arm,0.4,-1,36.0,29,36.010242,9.539634,23.849085
arm,0.4,-1,38.0,31,37.989891,9.600419,24.0010475
arm,0.4,-1,40.0,31,40.040901,9.241035,23.1025875
arm,0.4,-1,42.0,30,41.968177499999996,9.3966665,23.49166625
arm,0.4,-1,44.0,32,43.9743005,8.867991,22.1699775
arm,0.4,-1,46.0,32,46.0013085,9.033115500000001,22.58278875
arm,0.4,-1,48.0,33,47.972801,8.589733,21.4743325
arm,0.4,-1,50.0,34,49.950345999999996,8.902262499999999,22.255656249999998
arm,0.4,-1,52.0,33,51.999035,8.166625,20.416562499999998
arm,0.4,-1,54.0,34,53.934736,8.474345,21.1858625
arm,0.4,-1,56.0,34,56.033804,8.6076605,21.51915125
arm,0.4,-1,58.0,34,57.989149,8.368069,20.9201725
arm,0.4,-1,60.0,34,60.0251065,8.347515000000001,20.8687875
arm,0.4,-1,62.0,34,61.982446499999995,8.3225785,20.80644625
arm,0.4,-1,64.0,34,63.9753725,8.3629325,20.90733125
arm,0.4,-1,66.0,35,66.017151,8.258967,20.6474175
arm,0.4,-1,68.0,34,68.005951,8.642048500000001,21.60512125
arm,0.4,-1,70.0,33,70.014206,8.5741,21.435249999999996
arm,0.4,-1,72.0,34,71.990452,8.2249955,20.56248875
arm,0.4,-1,74.0,34,73.99520849999999,9.1052465,22.763116250000003
arm,0.4,-1,76.0,33,75.993675,8.125421,20.313552499999997
arm,0.4,-1,78.0,34,77.98832300000001,9.0975655,22.743913749999997
arm,0.4,-1,80.0,32,80.03807850000001,8.834896,22.087239999999998
arm,0.4,-1,82.0,32,81.977497,9.0415095,22.60377375
arm,0.4,-1,84.0,31,83.935524,8.968932,22.42233
arm,0.4,-1,86.0,32,85.964523,9.8464785,24.61619625
arm,0.4,-1,88.0,31,88.014153,9.17699,22.942474999999998
arm,0.4,-1,90.0,32,89.99567400000001,10.159939999999999,25.39985
arm,0.4,-1,92.0,29,91.961952,10.109784,25.274459999999998
arm,0.4,-1,94.0,29,94.03614,10.245251,25.613127499999997
arm,0.4,-1,96.0,31,95.949661,10.236094,25.590234999999996
arm,0.4,-1,98.0,28,98.034058,10.653727,26.6343175
arm,0.4,-1,100.0,27,99.934914,11.133271,27.8331775
arm,0.4,-1,102.0,27,101.953453,10.897422,27.243555
arm,0.4,-1,104.0,27,103.974503,10.53324,26.333099999999998
arm,0.4,-1,106.0,26,105.94901250000001,10.7519755,26.879938749999997
arm,0.4,-1,108.0,26,107.9797935,11.5574555,28.893638749999997
arm,0.4,-1,110.0,25,110.079842,11.321194,28.302985
arm,0.4,-1,112.0,24,112.0266115,11.7711745,29.427936250000002
arm,0.4,-1,114.0,23,113.990616,11.539148,28.84787
arm,0.4,-1,116.0,25,116.079674,12.652182,31.630454999999998
arm,0.4,-1,118.0,22,118.13790900000001,12.2190765,30.54769125
arm,0.4,-1,120.0,23,120.00441,12.751598,31.878994999999996
arm,0.4,-1,122.0,20,122.062725,14.45534,36.13835
arm,0.4,-1,124.0,19,124.010071,14.134898,35.337244999999996
arm,0.4,-1,126.0,19,125.963966,15.121768,37.80441999999999
arm,0.4,-1,128.0,19,128.010483,15.346256,38.36564
arm,0.4,-1,130.0,8,129.8476945,13.11807,32.795175
arm,0.4,-1,132.0,2,131.36711150000002,12.940850999999999,32.352127499999995
arm,0.4,1,38.0,5,38.490368,9.561221,23.903052499999998
arm,0.4,1,40.0,30,40.085081,9.2324445,23.08111125
arm,0.4,1,42.0,34,42.0325585,8.583946000000001,21.459865
arm,0.4,1,44.0,36,44.028974500000004,8.246157499999999,20.61539375
arm,0.4,1,46.0,39,46.041851,7.562215,18.905537499999998
arm,0.4,1,48.0,44,48.022648000000004,6.757593,16.8939825
arm,0.4,1,50.0,46,50.005123499999996,6.444352,16.110879999999998
arm,0.4,1,52.0,51,52.075176,5.631479,14.078697499999999
arm,0.4,1,54.0,56,53.9810315,5.0834019999999995,12.708504999999999
arm,0.4,1,56.0,48,55.872446,5.0257095,12.564273749999998
arm,0.4,1,58.0,47,57.904823,4.589379,11.473447499999999
arm,0.4,1,60.0,30,59.8032495,4.4224385,11.05609625
arm,0.4,1,62.0,29,61.943844,4.305171,10.762927499999998
arm,0.4,1,64.0,36,64.112358,4.069953999999999,10.174885
arm,0.4,1,66.0,25,65.962669,4.137353,10.343382499999999
arm,0.4,1,68.0,28,67.79090500000001,4.196421,10.491052499999999
arm,0.4,1,70.0,25,69.967133,4.187169,10.467922499999998
arm,0.4,1,72.0,23,72.035225,4.165372,10.413429999999998
arm,0.4,1,74.0,25,74.059807,3.870829,9.6770725
arm,0.4,1,76.0,23,76.036682,4.349823,10.874557499999998
arm,0.4,1,78.0,24,77.9891585,4.3574470000000005,10.8936175
arm,0.4,1,80.0,24,80.00373450000001,4.3253330000000005,10.8133325
arm,0.4,1,82.0,24,82.0024565,3.9096275,9.77406875
arm,0.4,1,84.0,27,84.059258,3.871418,9.678545
arm,0.4,1,86.0,24,86.015026,4.1409579999999995,10.352394999999998
arm,0.4,1,88.0,25,87.997513,3.944347,9.8608675
arm,0.4,1,90.0,26,90.0192795,3.7821355,9.45533875
arm,0.4,1,92.0,26,92.00141500000001,3.6251035,9.06275875
arm,0.4,1,94.0,24,93.99287799999999,4.229195000000001,10.5729875
arm,0.4,1,96.0,25,95.96701,4.155039,10.3875975
arm,0.4,1,98.0,25,97.947571,4.257817,10.6445425
arm,0.4,1,100.0,24,100.04827499999999,4.298598999999999,10.746497499999998
arm,0.4,1,102.0,25,102.05191,4.03771,10.094274999999998
arm,0.4,1,104.0,24,103.9602015,4.303519,10.7587975
arm,0.4,1,106.0,24,106.048214,4.20613,10.515324999999999
arm,0.4,1,108.0,24,107.9729615,4.0173925,10.04348125
arm,0.4,1,110.0,24,110.011791,3.906022,9.765054999999998
arm,0.4,1,112.0,27,111.967133,3.910339,9.7758475
arm,0.4,1,114.0,25,114.015976,3.478144,8.695359999999999
arm,0.4,1,116.0,27,116.041756,3.403487,8.5087175
arm,0.4,1,118.0,23,117.958794,4.515113,11.2877825
arm,0.4,1,120.0,32,119.9617195,3.9918115,9.97952875
arm,0.4,1,122.0,29,122.095428,4.26248,10.6562
arm,0.4,1,124.0,29,123.753197,4.431674,11.079184999999999
arm,0.4,1,126.0,35,126.164749,4.042976,10.10744
arm,0.4,1,128.0,39,127.99305,4.568164,11.42041
arm,0.4,1,130.0,46,129.9329985,4.9654419999999995,12.413604999999999
arm,0.4,1,132.0,28,131.9911115,4.7859305,11.96482625
arm,0.4,1,134.0,39,134.144699,4.684965,11.7124125
arm,0.4,1,136.0,47,136.121552,4.716488,11.79122
arm,0.4,1,138.0,55,138.026276,5.090414,12.726035
arm,0.4,1,140.0,23,139.825317,4.809422,12.023554999999998
arm,0.4,1,142.0,18,142.0541155,5.039743,12.5993575
arm,0.6,-1,30.0,13,29.701828,22.03731,36.72885
arm,0.6,-1,32.0,13,32.035278,22.865282,38.108803333333334
arm,0.6,-1,34.0,12,34.0216635,24.027172999999998,40.04528833333333
arm,0.6,-1,36.0,12,35.9592495,22.476045,37.460075
arm,0.6,-1,38.0,13,37.901566,22.624096,37.70682666666667
arm,0.6,-1,40.0,14,40.0785505,22.2815555,37.13592583333333
arm,0.6,-1,42.0,12,42.024356499999996,21.780957,36.301595
arm,0.6,-1,44.0,13,43.929413,21.712479,36.187464999999996
arm,0.6,-1,46.0,15,46.00803,20.944597,34.90766166666667
arm,0.6,-1,48.0,13,48.064365,20.667959,34.446598333333334
arm,0.6,-1,50.0,14,50.018688,21.619913,36.033188333333335
arm,0.6,-1,52.0,14,52.0029255,19.787177,32.97862833333333
arm,0.6,-1,54.0,14,54.0831545,20.7890625,34.6484375
arm,0.6,-1,56.0,14,55.984175,19.957099499999998,33.2618325
arm,0.6,-1,58.0,14,58.0298995,19.850150999999997,33.083585
arm,0.6,-1,60.0,14,59.969986,20.916738000000002,34.861230000000006
arm,0.6,-1,62.0,15,61.978676,19.123005,31.871675
arm,0.6,-1,64.0,14,64.0044975,19.8919785,33.1532975
arm,0.6,-1,66.0,15,65.994064,19.843376,33.072293333333334
arm,0.6,-1,68.0,13,67.903183,19.529001,32.548335
arm,0.6,-1,70.0,16,70.006569,20.396413,33.99402166666667
arm,0.6,-1,72.0,13,72.167732,20.326015,33.87669166666667
arm,0.6,-1,74.0,14,73.989986,21.5332555,35.88875916666667
arm,0.6,-1,76.0,14,75.987202,20.5213355,34.20222583333333
arm,0.6,-1,78.0,14,78.000744,20.5758075,34.2930125
arm,0.6,-1,80.0,13,79.875626,20.208492,33.680820000000004
arm,0.6,-1,82.0,14,81.96373750000001,21.099323,35.16553833333334
arm,0.6,-1,84.0,14,84.066441,20.6721185,34.45353083333333
arm,0.6,-1,86.0,13,86.069519,22.577463,37.629105
arm,0.6,-1,88.0,13,87.870232,22.646118,37.74353000000001
arm,0.6,-1,90.0,13,89.951797,22.298479,37.16413166666667
arm,0.6,-1,92.0,12,91.98137249999999,23.134248,38.55708
arm,0.6,-1,94.0,13,93.96505,21.746132,36.24355333333333
arm,0.6,-1,96.0,12,95.9069025,24.523393499999997,40.8723225
arm,0.6,-1,98.0,13,98.06131,23.548569,39.247615
arm,0.6,-1,100.0,12,100.18092,24.929793500000002,41.54965583333333
arm,0.6,-1,102.0,11,102.058441,25.783014,42.97169
arm,0.6,-1,104.0,11,104.115562,23.985392,39.975653333333334
arm,0.6,-1,106.0,11,106.139977,26.450312,44.08385333333334
arm,0.6,-1,108.0,11,107.964996,26.053799,43.42299833333334
arm,0.6,-1,110.0,11,110.114128,27.641472,46.069120000000005
arm,0.6,-1,112.0,9,111.936699,28.476221,47.460368333333335
arm,0.6,-1,114.0,12,114.0878525,27.773921,46.28986833333333
arm,0.6,-1,116.0,9,116.256058,31.308012,52.180020000000006
arm,0.6,-1,118.0,10,118.200035,29.3947745,48.99129083333334
arm,0.6,-1,120.0,10,120.045662,27.7787085,46.2978475
arm,0.6,1,42.0,5,42.504662,20.393591,33.98931833333334
arm,0.6,1,44.0,9,44.141037,20.145916,33.576526666666666
arm,0.6,1,46.0,13,46.06942,21.818693,36.364488333333334
arm,0.6,1,48.0,13,48.105362,21.710085,36.183475
arm,0.6,1,50.0,14,50.067621,21.023010499999998,35.03835083333334
arm,0.6,1,52.0,12,52.051080999999996,21.017466,35.02911
arm,0.6,1,54.0,14,53.998939500000006,20.7882385,34.64706416666667
arm,0.6,1,56.0,13,55.869537,20.553444,34.25574
arm,0.6,1,58.0,15,57.947853,19.791185,32.985308333333336
arm,0.6,1,60.0,14,59.97851,19.763277000000002,32.938795
arm,0.6,1,62.0,15,62.070774,19.878317,33.13052833333333
arm,0.6,1,64.0,14,64.0598755,19.581707,32.63617833333333
arm,0.6,1,66.0,14,65.941498,19.3444195,32.24069916666667
arm,0.6,1,68.0,15,67.870453,19.045753,31.74292166666667
arm,0.6,1,70.0,15,69.91713,19.240816,32.06802666666667
arm,0.6,1,72.0,14,71.86862550000001,19.7804925,32.967487500000004
arm,0.6,1,74.0,15,73.81955,19.260645,32.101075
arm,0.6,1,76.0,15,75.887566,19.229174,32.04862333333334
arm,0.6,1,78.0,15,77.952141,19.293638,32.156063333333336
arm,0.6,1,80.0,15,79.96759,19.2617,32.102833333333336
arm,0.6,1,82.0,15,82.002823,19.288748,32.147913333333335
arm,0.6,1,84.0,15,84.118927,19.148787,31.914645
arm,0.6,1,86.0,13,86.035614,19.439217,32.398695000000004
arm,0.6,1,88.0,15,87.866844,19.876875,33.128125
arm,0.6,1,90.0,14,89.9697875,19.7548675,32.92477916666667
arm,0.6,1,92.0,15,92.11544,20.294054,33.82342333333333
arm,0.6,1,94.0,13,93.959808,20.615818,34.35969666666667
arm,0.6,1,96.0,14,95.934799,20.315504,33.85917333333333
arm,0.6,1,98.0,14,98.0071295,21.1152705,35.1921175
arm,0.6,1,100.0,14,99.9493485,21.617579499999998,36.02929916666667
arm,0.6,1,102.0,13,102.05336,21.971134,36.61855666666667
arm,0.6,1,104.0,13,103.994225,22.201166,37.00194333333334
arm,0.6,1,106.0,13,105.812126,21.849543,36.415905
arm,0.6,1,108.0,13,108.047806,20.816505,34.694175
arm,0.6,1,110.0,13,110.142982,23.698629,39.497715
arm,0.6,1,112.0,12,111.98549249999999,22.8260095,38.04334916666667
arm,0.6,1,114.0,13,113.94117,21.399746,35.666243333333334
arm,0.6,1,116.0,12,115.803627,22.39058,37.31763333333333
arm,0.6,1,120.0,11,120.08268,26.697523,44.495871666666666
arm,0.6,1,122.0,10,121.9232025,27.2891465,45.48191083333334
arm,0.6,1,124.0,12,123.969715,27.709108999999998,46.181848333333335
arm,0.6,1,126.0,11,126.135948,28.512609,47.521015000000006
arm,0.6,1,128.0,9,128.260742,30.418322,50.697203333333334
arm,0.6,1,132.0,9,132.080078,32.272694,53.787823333333336
arm,0.6,1,134.0,9,133.833908,29.721922,49.53653666666667
arm,0.6,1,136.0,9,135.941666,33.244137,55.406895000000006
arm,0.6,1,138.0,9,137.943497,34.9067,58.17783333333334
arm,0.6,1,140.0,8,140.10813100000001,34.626295,57.71049166666667
arm,0.8,-1,28.0,33,28.773851,1.429018,1.7862724999999997
arm,0.8,-1,30.0,36,29.4461115,5.108164,6.385205000000001
arm,0.8,-1,34.0,7,34.135616,32.937897,41.17237125
arm,0.8,-1,36.0,8,35.790285,34.184206,42.73025749999999
arm,0.8,-1,38.0,9,37.836502,32.49036,40.61295
arm,0.8,-1,40.0,9,40.055138,33.188259,41.48532375
arm,0.8,-1,42.0,9,42.047119,32.053295,40.066618749999996
arm,0.8,-1,44.0,9,43.974491,31.566401,39.458001249999995
arm,0.8,-1,46.0,9,46.07275,31.358154,39.197692499999995
arm,0.8,-1,48.0,9,47.911438,29.261065,36.576331249999996
arm,0.8,-1,50.0,9,49.910278,29.717045,37.146306249999995
arm,0.8,-1,52.0,10,51.800917,29.407594500000002,36.75949312499999
arm,0.8,-1,54.0,11,54.166252,29.895275,37.36909375
arm,0.8,-1,56.0,9,56.131542,29.320787,36.650983749999995
arm,0.8,-1,58.0,9,57.9534,29.02248,36.2781
arm,0.8,-1,60.0,10,59.854462,27.817021500000003,34.771276875
arm,0.8,-1,62.0,10,61.926439,28.964184,36.20523
arm,0.8,-1,64.0,10,63.952012999999994,28.865993500000002,36.082491875
arm,0.8,-1,66.0,10,65.88878249999999,28.593458,35.7418225
arm,0.8,-1,68.0,11,68.133224,28.481628,35.602035
arm,0.8,-1,70.0,9,70.021088,28.83609,36.045112499999995
arm,0.8,-1,72.0,11,71.95092,28.478085,35.59760625
arm,0.8,-1,74.0,10,74.11071799999999,28.6312535,35.789066875
arm,0.8,-1,76.0,9,76.003265,29.250008,36.562509999999996
arm,0.8,-1,78.0,10,77.8749315,29.209919,36.51239875
arm,0.8,-1,80.0,10,79.9508285,29.097313,36.371641249999996
arm,0.8,-1,82.0,10,82.0501405,29.8503655,37.312956875
arm,0.8,-1,84.0,9,83.963989,29.90831,37.3853875
arm,0.8,-1,86.0,10,85.9052125,30.732622,38.4157775
arm,0.8,-1,88.0,9,87.785454,30.968779,38.71097375
arm,0.8,-1,90.0,9,89.860489,29.200857,36.501071249999995
arm,0.8,-1,92.0,11,92.273514,31.334255,39.167818749999995
arm,0.8,-1,94.0,8,94.162254,32.751464999999996,40.939331249999995
arm,0.8,-1,96.0,10,96.24495300000001,31.231698,39.0396225
arm,0.8,-1,98.0,8,98.2430455,34.6824915,43.353114375
arm,0.8,-1,100.0,8,100.020302,33.859873,42.32484125
arm,0.8,-1,102.0,8,101.8012045,33.590477,41.98809625
arm,0.8,-1,104.0,9,103.818008,35.194309,43.99288624999999
arm,0.8,-1,106.0,9,106.087685,33.420753,41.775941249999995
arm,0.8,-1,108.0,8,108.23799149999999,37.8931675,47.36645937499999
arm,0.8,-1,110.0,7,109.943375,35.203896,44.00487
arm,0.8,-1,112.0,9,112.132423,38.458305,48.07288125
arm,0.8,-1,114.0,6,114.10220699999999,37.663176,47.07897
arm,0.8,-1,118.0,9,117.962425,36.913246,46.1415575
arm,0.8,-1,120.0,7,120.178276,37.616295,47.020368749999996
arm,0.8,-1,122.0,8,121.871838,39.897251499999996,49.87156437499999
arm,0.8,1,48.0,1,48.727825,33.358868,41.698585
arm,0.8,1,50.0,8,49.974621,32.087441999999996,40.1093025
arm,0.8,1,52.0,11,52.104984,30.187735,37.73466875
arm,0.8,1,54.0,9,54.144779,27.846901,34.808626249999996
arm,0.8,1,56.0,10,55.81678,26.3988125,32.998515624999996
arm,0.8,1,58.0,12,58.006006,25.1546965,31.443370625
arm,0.8,1,60.0,12,60.019695,23.8631945,29.828993124999997
arm,0.8,1,62.0,14,62.0518,22.1644335,27.705541875
arm,0.8,1,64.0,12,64.1550905,20.948358499999998,26.185448125
arm,0.8,1,66.0,14,66.025822,19.8608665,24.826083124999997
arm,0.8,1,68.0,15,68.02137,18.660997,23.326246249999997
arm,0.8,1,70.0,16,69.9744645,17.9641725,22.455215625
arm,0.8,1,72.0,17,72.121346,16.912697,21.14087125
arm,0.8,1,74.0,17,73.917297,16.401955,20.50244375
arm,0.8,1,78.0,13,78.000443,23.0107,28.763375
arm,0.8,1,80.0,13,79.942726,22.313389,27.89173625
arm,0.8,1,82.0,12,82.0114555,22.7909155,28.488644375
arm,0.8,1,84.0,12,83.98879600000001,23.423274,29.2790925
arm,0.8,1,86.0,12,86.0040015,23.7062805,29.632850624999996
arm,0.8,1,88.0,12,88.1055185,24.3099605,30.387450624999996
arm,0.8,1,90.0,11,89.988625,25.24457,31.5557125
arm,0.8,1,92.0,12,92.015186,24.461725,30.57715625
arm,0.8,1,94.0,11,93.91806,24.694035,30.86754375
arm,0.8,1,96.0,11,96.072411,25.236128,31.54516
arm,0.8,1,98.0,11,97.94735,26.017576,32.521969999999996
arm,0.8,1,100.0,11,99.88797,25.784599,32.23074875
arm,0.8,1,102.0,11,102.059372,24.842649,31.05331125
arm,0.8,1,104.0,11,103.997726,27.218523,34.02315375
arm,0.8,1,106.0,10,106.08805100000001,27.33885,34.1735625
arm,0.8,1,108.0,10,107.899811,28.626663,35.783328749999995
arm,0.8,1,110.0,11,110.079765,28.067825,35.08478125
arm,0.8,1,112.0,9,111.98735,27.311636,34.139545
arm,0.8,1,114.0,12,114.0505065,26.9365145,33.670643125
arm,0.8,1,116.0,9,115.92482,24.934664,31.16833
arm,0.8,1,120.0,9,119.777924,27.473623,34.34202875
arm,0.8,1,122.0,9,122.035652,31.401567,39.25195875
arm,0.8,1,124.0,9,123.895378,32.953411,41.19176375
arm,0.8,1,126.0,9,126.086067,32.790031,40.98753875
arm,0.8,1,128.0,9,128.193146,33.399788,41.749735
arm,0.8,1,130.0,6,130.1198885,38.0791015,47.598876875
arm,0.8,1,132.0,9,131.947235,36.888714,46.1108925
arm,0.8,1,134.0,6,133.91592400000002,39.564312,49.45539
arm,0.8,1,136.0,9,135.940002,36.91008,46.1376
arm,0.8,1,138.0,6,138.1120455,41.428173,51.785216250000005
arm,0.8,1,140.0,6,139.7448425,39.067806000000004,48.834757499999995
arm,1.0,-1,32.0,7,32.181446,36.979347,36.979347
arm,1.0,-1,34.0,8,33.9995955,36.884762,36.884762
arm,1.0,-1,36.0,7,36.091988,35.831055,35.831055
arm,1.0,-1,38.0,8,37.786865,35.823389000000006,35.823389000000006
arm,1.0,-1,40.0,9,40.151279,34.701157,34.701157
arm,1.0,-1,42.0,9,42.235714,33.749107,33.749107
arm,1.0,-1,44.0,7,44.070374,33.933739,33.933739
arm,1.0,-1,46.0,9,45.897217,33.758053,33.758053
arm,1.0,-1,48.0,8,47.9158515,33.499176,33.499176
arm,1.0,-1,50.0,9,50.059013,32.8638,32.8638
arm,1.0,-1,52.0,9,52.078018,32.269768,32.269768
arm,1.0,-1,54.0,9,54.192753,32.454639,32.454639
arm,1.0,-1,56.0,9,56.133564,31.331343,31.331343
arm,1.0,-1,58.0,9,58.092327,32.518501,32.518501
arm,1.0,-1,60.0,9,60.160618,31.931799,31.931799
arm,1.0,-1,62.0,9,62.086514,31.621799,31.621799
arm,1.0,-1,64.0,9,64.192039,31.32053,31.32053
arm,1.0,-1,66.0,9,66.074631,32.145241,32.145241
arm,1.0,-1,68.0,9,67.996864,31.083933,31.083933
arm,1.0,-1,70.0,9,70.03125,30.985134,30.985134
arm,1.0,-1,72.0,9,71.963432,31.835011,31.835011
arm,1.0,-1,74.0,9,74.01519,30.974373,30.974373
arm,1.0,-1,76.0,9,76.010674,32.422859,32.422859
arm,1.0,-1,78.0,9,77.912636,31.478355,31.478355
arm,1.0,-1,80.0,9,79.890762,31.790871,31.790871
arm,1.0,-1,82.0,9,81.9384,32.123905,32.123905
arm,1.0,-1,84.0,9,83.870659,32.830086,32.830086
arm,1.0,-1,86.0,9,86.098366,33.496368,33.496368
arm,1.0,-1,88.0,9,88.055954,33.317795,33.317795
arm,1.0,-1,90.0,8,90.120529,34.33381850000001,34.33381850000001
arm,1.0,-1,92.0,7,91.781799,34.152691,34.152691
arm,1.0,-1,94.0,9,93.763916,35.577072,35.577072
arm,1.0,-1,96.0,9,96.056648,35.646729,35.646729
arm,1.0,-1,98.0,9,98.177116,36.293766,36.293766
arm,1.0,-1,100.0,6,100.09857550000001,37.9037265,37.9037265
arm,1.0,-1,102.0,9,102.088661,36.837566,36.837566
arm,1.0,-1,104.0,6,103.9539145,36.3741395,36.3741395
arm,1.0,-1,106.0,9,105.917717,38.443115,38.443115
arm,1.0,-1,108.0,6,108.079365,39.4830915,39.4830915
arm,1.0,-1,110.0,9,110.049904,40.435219,40.435219
arm,1.0,-1,114.0,6,113.779583,48.433897,48.433897
arm,1.0,-1,116.0,6,115.7784345,50.5576175,50.5576175
arm,1.0,-1,120.0,6,119.86490599999999,42.847622,42.847622
arm,1.0,-1,122.0,6,121.734848,48.4036335,48.4036335
arm,1.0,-1,124.0,6,123.8178975,44.459649999999996,44.459649999999996
arm,1.0,1,50.0,9,49.950275,33.358196,33.358196
arm,1.0,1,52.0,9,51.889805,31.145517,31.145517
arm,1.0,1,54.0,9,53.894901,29.150333,29.150333
arm,1.0,1,56.0,11,55.923576,27.593128,27.593128
arm,1.0,1,58.0,11,57.997578,25.757206,25.757206
arm,1.0,1,60.0,11,59.985191,24.754057,24.754057
arm,1.0,1,62.0,12,61.981245,23.3153735,23.3153735
arm,1.0,1,64.0,13,64.079094,22.087856,22.087856
arm,1.0,1,66.0,14,65.98669799999999,21.0485125,21.0485125
arm,1.0,1,68.0,14,68.086109,19.7823145,19.7823145
arm,1.0,1,70.0,15,70.156868,18.908819,18.908819
arm,1.0,1,72.0,15,72.066513,18.395489,18.395489
arm,1.0,1,74.0,14,74.0153125,20.78236,20.78236
arm,1.0,1,76.0,10,76.02946850000001,25.774358,25.774358
arm,1.0,1,78.0,12,77.977848,23.891145,23.891145
arm,1.0,1,80.0,11,79.998055,25.27067,25.27067
arm,1.0,1,82.0,12,81.951504,24.815710000000003,24.815710000000003
arm,1.0,1,84.0,10,84.007225,26.523265,26.523265
arm,1.0,1,86.0,11,85.871933,25.558943,25.558943
arm,1.0,1,88.0,11,87.922546,26.663248,26.663248
arm,1.0,1,90.0,10,89.8473775,25.392313,25.392313
arm,1.0,1,92.0,12,91.99984,26.0988245,26.0988245
arm,1.0,1,94.0,9,93.894836,27.106459,27.106459
arm,1.0,1,96.0,11,95.906113,27.545563,27.545563
arm,1.0,1,98.0,10,97.92528899999999,28.1646575,28.1646575
arm,1.0,1,100.0,11,100.01857,28.775356,28.775356
arm,1.0,1,102.0,10,102.08638,29.1716585,29.1716585
arm,1.0,1,104.0,9,103.990784,30.937227,30.937227
arm,1.0,1,106.0,9,105.744453,27.637079,27.637079
arm,1.0,1,108.0,11,108.045975,30.316435,30.316435
arm,1.0,1,110.0,9,110.166153,30.211544,30.211544
arm,1.0,1,112.0,9,112.174255,29.865871,29.865871
arm,1.0,1,114.0,10,113.9802095,28.4930285,28.4930285
arm,1.0,1,118.0,9,118.135284,36.364159,36.364159
arm,1.0,1,120.0,7,120.042168,33.545406,33.545406
arm,1.0,1,122.0,8,121.780449,34.310547,34.310547
arm,1.0,1,124.0,9,123.844475,34.327827,34.327827
arm,1.0,1,126.0,8,126.0787545,36.827219,36.827219
arm,1.0,1,128.0,7,127.947044,36.183781,36.183781
arm,1.0,1,130.0,8,129.882019,35.368896500000005,35.368896500000005
arm,1.0,1,134.0,7,133.839722,37.322186,37.322186
arm,1.0,1,136.0,8,136.0124055,42.857502,42.857502
arm,1.0,1,138.0,6,138.2511445,48.2802735,48.2802735
arm,1.0,1,140.0,8,140.533127,44.9442255,44.9442255
boom,0.4,-1,-52.0,14,-51.771136999999996,-0.9007704999999999,-2.2519262499999995
boom,0.4,-1,-50.0,53,-50.610825,-1.879204,-4.69801
boom,0.4,-1,-46.0,29,-45.927216,9.803555,24.508887499999997
boom,0.4,-1,-44.0,28,-43.990480500000004,11.3435395,28.35884875
boom,0.4,-1,-42.0,31,-42.029716,9.229561,23.0739025
boom,0.4,-1,-40.0,30,-39.997934,8.1042,20.2605
boom,0.4,-1,-38.0,33,-38.027119,8.332919,20.8322975
boom,0.4,-1,-36.0,31,-35.923229,8.958594,22.396485
boom,0.4,-1,-34.0,33,-33.959904,8.938717,22.3467925
boom,0.4,-1,-32.0,36,-31.984886,7.664655,19.161637499999998
boom,0.4,-1,-30.0,33,-29.941334,6.966515,17.4162875
boom,0.4,-1,-28.0,34,-27.979247,8.785082500000001,21.96270625
boom,0.4,-1,-26.0,34,-25.982331000000002,8.325127,20.8128175
boom,0.4,-1,-24.0,36,-23.9796325,7.5058229999999995,18.7645575
boom,0.4,-1,-22.0,37,-21.955259,8.251326,20.628315
boom,0.4,-1,-20.0,37,-19.956242,7.027304,17.56826
boom,0.4,-1,-18.0,37,-17.946171,7.363258,18.408144999999998
boom,0.4,-1,-16.0,39,-15.951742,6.895057,17.2376425
boom,0.4,-1,-14.0,38,-14.0183415,7.2598765,18.149691249999997
boom,0.4,-1,-12.0,39,-11.982856,7.694221,19.235552499999997
boom,0.4,-1,-10.0,38,-10.003139000000001,7.122016500000001,17.805041250000002
boom,0.4,-1,-8.0,40,-7.952218,7.4229565,18.55739125
boom,0.4,-1,-6.0,38,-5.957905,6.813045,17.0326125
boom,0.4,-1,-4.0,39,-4.025495,7.278915,18.197287499999998
boom,0.4,-1,-2.0,40,-2.03388,6.6318445,16.57961125
boom,0.4,-1,-0.0,40,0.006447999999999999,6.9956689999999995,17.4891725
boom,0.4,-1,2.0,39,1.993541,6.934166,17.335415
boom,0.4,-1,4.0,40,3.994096,7.269807,18.1745175
boom,0.4,-1,6.0,28,5.729531,7.172518500000001,17.93129625
boom,0.4,-1,8.0,3,7.145784,6.679164,16.69791
boom,0.4,1,-48.0,42,-47.67441,0.09150249999999999,0.22875624999999997
boom,0.4,1,-46.0,60,-46.047315999999995,0.07032,0.17579999999999998
boom,0.4,1,-44.0,59,-44.132023,-1.610028,-4.0250699999999995
boom,0.4,1,-42.0,63,-41.976482,-1.131377,-2.8284425
boom,0.4,1,-40.0,73,-40.063934,0.953559,2.3838975
boom,0.4,1,-38.0,69,-38.012077,-0.183454,-0.458635
boom,0.4,1,-36.0,75,-35.88353,0.896236,2.24059
boom,0.4,1,-34.0,73,-33.937622,0.119566,0.298915
boom,0.4,1,-32.0,70,-32.02569,0.6875629999999999,1.7189074999999998
boom,0.4,1,-30.0,77,-30.02282,1.236428,3.09107
boom,0.4,1,-28.0,80,-28.076482,1.627529,4.0688225
boom,0.4,1,-26.0,98,-26.031905000000002,1.539342,3.8483549999999997
boom,0.4,1,-24.0,86,-23.989522,1.7749865,4.43746625
boom,0.4,1,-22.0,92,-21.999321000000002,1.6915495,4.22887375
boom,0.4,1,-20.0,103,-20.06439,2.610299,6.5257475
boom,0.4,1,-18.0,85,-18.026056,1.676856,4.192139999999999
boom,0.4,1,-16.0,98,-16.09252,1.8764865,4.69121625
boom,0.4,1,-14.0,101,-13.963256,2.300805,5.752012499999999
boom,0.4,1,-12.0,102,-11.933952,2.080432,5.201079999999999
boom,0.4,1,-10.0,111,-9.963716,2.204481,5.5112025
boom,0.4,1,-8.0,116,-7.9418705,2.2875509999999997,5.7188775
boom,0.4,1,-6.0,116,-6.021959,2.1200645,5.3001612499999995
boom,0.4,1,-4.0,119,-4.046354,2.241404,5.60351
boom,0.4,1,-2.0,111,-2.026654,2.13275,5.331875
boom,0.4,1,-0.0,104,-0.09677,2.209263,5.5231575
boom,0.4,1,2.0,104,2.030342,2.1077745,5.26943625
boom,0.4,1,4.0,112,4.098701,2.250311,5.6257775
boom,0.4,1,6.0,88,6.0245335,2.1529249999999998,5.382312499999999
boom,0.4,1,8.0,101,8.100631,2.198383,5.4959575
boom,0.4,1,10.0,54,9.611947,2.2913055,5.72826375
boom,0.6,-1,-48.0,23,-47.972717,10.946935,18.244891666666668
boom,0.6,-1,-46.0,23,-46.075756,12.926145,21.543575
boom,0.6,-1,-44.0,25,-44.03233,11.380412,18.967353333333335
boom,0.6,-1,-42.0,24,-41.920297500000004,12.358512999999999,20.597521666666665
boom,0.6,-1,-40.0,25,-40.007626,11.286152,18.810253333333332
boom,0.6,-1,-38.0,24,-37.9919835,11.761835999999999,19.60306
boom,0.6,-1,-36.0,27,-36.034546,10.280182,17.133636666666668
boom,0.6,-1,-34.0,26,-34.025861500000005,10.707395,17.845658333333333
boom,0.6,-1,-32.0,27,-32.093433,10.972247,18.287078333333334
boom,0.6,-1,-30.0,29,-30.024048,10.142621,16.904368333333334
boom,0.6,-1,-28.0,28,-27.9886655,10.1438885,16.906480833333333
boom,0.6,-1,-26.0,28,-25.9963,9.698318,16.163863333333335
boom,0.6,-1,-24.0,30,-24.044655,9.5229445,15.871574166666665
boom,0.6,-1,-22.0,29,-21.992867,10.27632,17.127200000000002
boom,0.6,-1,-20.0,30,-20.016354,9.585974,15.976623333333333
boom,0.6,-1,-18.0,30,-17.992486,9.495360999999999,15.825601666666667
boom,0.6,-1,-16.0,31,-16.007858,9.265031,15.441718333333334
boom,0.6,-1,-14.0,31,-13.999769,9.143374,15.238956666666667
boom,0.6,-1,-12.0,31,-12.037402,9.39152,15.652533333333334
boom,0.6,-1,-10.0,33,-9.996487,9.17419,15.290316666666666
boom,0.6,-1,-8.0,32,-7.95551,8.936312999999998,14.893854999999999
boom,0.6,-1,-6.0,31,-6.03342,8.950187,14.916978333333333
boom,0.6,-1,-4.0,33,-4.02152,8.832057,14.720095000000002
boom,0.6,-1,-2.0,32,-1.9809389999999998,8.824759,14.707931666666667
boom,0.6,-1,-0.0,32,0.0034694999999999986,8.736987,14.561645000000002
boom,0.6,-1,2.0,33,2.041571,9.035007,15.058345000000001
boom,0.6,-1,4.0,31,4.065492,8.682026,14.470043333333335
boom,0.6,-1,6.0,33,5.984106,8.760921,14.601535
boom,0.6,-1,8.0,30,7.968671499999999,8.738398,14.563996666666668
boom,0.6,-1,10.0,33,9.938553,8.903658,14.83943
boom,0.6,-1,12.0,33,12.024055,8.934555,14.890925
boom,0.6,-1,14.0,30,14.0455045,8.954159,14.923598333333334
boom,0.6,-1,16.0,31,15.961618,9.163203,15.272005
boom,0.6,-1,18.0,31,17.939901,9.422352,15.70392
boom,0.6,-1,20.0,30,19.9983215,9.406994000000001,15.678323333333335
boom,0.6,-1,22.0,30,22.0052425,9.691314,16.15219
boom,0.6,-1,24.0,10,23.322553499999998,9.403475,15.672458333333335
boom,0.6,1,-44.0,4,-43.428711,10.77045,17.950750000000003
boom,0.6,1,-42.0,15,-41.743122,13.831614,23.052690000000002
boom,0.6,1,-40.0,23,-40.010399,12.706218,21.177030000000002
boom,0.6,1,-38.0,24,-37.9566365,12.556908,20.92818
boom,0.6,1,-36.0,25,-35.967407,10.790693,17.98448833333333
boom,0.6,1,-34.0,26,-33.976692,11.831005000000001,19.718341666666667
boom,0.6,1,-32.0,27,-31.920654,10.314926,17.191543333333335
boom,0.6,1,-30.0,27,-29.960487,10.127572,16.87928666666667
boom,0.6,1,-28.0,29,-28.016724,9.35231,15.587183333333332
boom,0.6,1,-26.0,29,-26.033661,10.010225,16.683708333333335
boom,0.6,1,-24.0,30,-23.973792,9.929179999999999,16.548633333333335
boom,0.6,1,-22.0,31,-22.023438,9.338061,15.563435
boom,0.6,1,-20.0,30,-19.9941075,10.150846999999999,16.918078333333334
boom,0.6,1,-18.0,31,-18.012793,9.514495,15.857491666666668
boom,0.6,1,-16.0,32,-15.979166,8.9779165,14.963194166666668
boom,0.6,1,-14.0,31,-13.983309,9.092483,15.154138333333334
boom,0.6,1,-12.0,32,-12.000054500000001,8.4546125,14.091020833333333
boom,0.6,1,-10.0,31,-10.063381,8.720154,14.533590000000002
boom,0.6,1,-8.0,32,-8.051570000000002,9.084413000000001,15.140688333333333
boom,0.6,1,-6.0,33,-6.001427,9.064958,15.108263333333335
boom,0.6,1,-4.0,31,-3.959146,9.016154,15.026923333333334
boom,0.6,1,-2.0,32,-1.9731934999999998,8.650618999999999,14.417698333333334
boom,0.6,1,-0.0,32,-0.013367,8.665093500000001,14.4418225
boom,0.6,1,2.0,32,2.0118799999999997,8.8532695,14.755449166666667
boom,0.6,1,4.0,32,4.0110695,9.101292,15.16882
boom,0.6,1,6.0,31,6.012151,8.811644,14.686073333333333
boom,0.6,1,8.0,33,7.994668,8.896847,14.828078333333332
boom,0.6,1,10.0,31,9.962158,8.938787,14.897978333333333
boom,0.6,1,12.0,32,11.9831295,9.054778500000001,15.0912975
boom,0.6,1,14.0,32,13.997843,8.817276,14.69546
boom,0.6,1,16.0,33,15.944679,9.02012,15.033533333333335
boom,0.6,1,18.0,31,18.06794,8.98955,14.982583333333332
boom,0.6,1,20.0,31,20.094538,9.384005,15.640008333333334
boom,0.6,1,22.0,29,22.026512,9.741167,16.235278333333337
boom,0.6,1,24.0,31,23.99765,9.86008,16.433466666666668
boom,0.6,1,26.0,29,25.960455,9.940996,16.568326666666668
boom,0.6,1,28.0,30,28.006192,9.519464,15.865773333333333
boom,0.8,-1,-52.0,15,-51.322105,2.804524,3.5056549999999995
boom,0.8,-1,-48.0,18,-48.046007,14.76881,18.4610125
boom,0.8,-1,-46.0,21,-46.024994,13.883348,17.354184999999998
boom,0.8,-1,-44.0,21,-43.981144,13.954741,17.443426249999998
boom,0.8,-1,-42.0,21,-41.927265,13.507474,16.8843425
boom,0.8,-1,-40.0,21,-40.011765,13.252265,16.56533125
boom,0.8,-1,-38.0,22,-38.052511,13.01013,16.262662499999998
boom,0.8,-1,-36.0,23,-35.931381,12.753857,15.942321249999999
boom,0.8,-1,-34.0,23,-34.060608,13.249498,16.5618725
boom,0.8,-1,-32.0,25,-31.963604,11.753318,14.6916475
boom,0.8,-1,-30.0,24,-29.9157905,11.924787,14.90598375
boom,0.8,-1,-28.0,24,-27.9080495,11.660709,14.57588625
boom,0.8,-1,-26.0,24,-25.9446905,11.373007000000001,14.21625875
boom,0.8,-1,-24.0,26,-23.9529115,11.239418,14.0492725
boom,0.8,-1,-22.0,25,-22.005749,11.209983,14.012478749999998
boom,0.8,-1,-20.0,25,-20.000513,11.049849,13.812311249999999
boom,0.8,-1,-18.0,27,-18.044416,10.839428,13.549285
boom,0.8,-1,-16.0,27,-16.001657,10.859003,13.573753749999998
boom,0.8,-1,-14.0,27,-13.98365,10.662855,13.32856875
boom,0.8,-1,-12.0,27,-11.959579,10.357529,12.94691125
boom,0.8,-1,-10.0,27,-9.986446,10.378088,12.97261
boom,0.8,-1,-8.0,27,-8.022453,10.261237,12.826546249999998
boom,0.8,-1,-6.0,29,-5.999979,10.195415,12.74426875
boom,0.8,-1,-4.0,27,-3.908808,10.267391,12.834238749999999
boom,0.8,-1,-2.0,28,-1.9514535,10.0447375,12.555921875
boom,0.8,-1,-0.0,27,0.010655,10.197164,12.746455000000001
boom,0.8,-1,2.0,27,1.92584,10.132176,12.665219999999998
boom,0.8,-1,4.0,30,3.9939394999999998,10.164931,12.70616375
boom,0.8,-1,6.0,27,6.052749,10.187727,12.73465875
boom,0.8,-1,8.0,27,8.00087,10.185969,12.73246125
boom,0.8,-1,10.0,27,9.965191,10.276877,12.84609625
boom,0.8,-1,12.0,28,11.939047,10.154164,12.692704999999998
boom,0.8,-1,14.0,26,13.951849,10.540202,13.175252500000001
boom,0.8,-1,16.0,27,15.931457,10.506741,13.13342625
boom,0.8,-1,18.0,27,17.958328,10.418564,13.023204999999999
boom,0.8,-1,20.0,27,19.978617,11.017725,13.77215625
boom,0.8,-1,22.0,21,21.827438,10.15621,12.695262499999998
boom,0.8,1,-38.0,5,-37.297749,21.007383,26.25922875
boom,0.8,1,-36.0,14,-35.991420500000004,20.518593000000003,25.648241249999998
boom,0.8,1,-34.0,15,-34.035145,18.655437,23.319296249999997
boom,0.8,1,-32.0,15,-32.034309,18.758211,23.447763749999996
boom,0.8,1,-30.0,15,-30.138468,18.502014,23.127517499999996
boom,0.8,1,-28.0,17,-27.927467,18.22204,22.777549999999998
boom,0.8,1,-26.0,15,-25.990044,17.644968,22.056209999999997
boom,0.8,1,-24.0,18,-23.954510499999998,16.8237815,21.029726874999998
boom,0.8,1,-22.0,15,-21.935589,17.433638,21.792047499999995
boom,0.8,1,-20.0,18,-20.006525,16.595252000000002,20.744065
boom,0.8,1,-18.0,16,-18.0202035,16.5292885,20.661610625
boom,0.8,1,-16.0,18,-16.044946500000002,16.3011235,20.376404375
boom,0.8,1,-14.0,17,-14.031831,15.903512,19.879389999999997
boom,0.8,1,-12.0,18,-12.047934,16.0107705,20.013463124999998
boom,0.8,1,-10.0,18,-10.030439999999999,15.614954000000001,19.5186925
boom,0.8,1,-8.0,18,-8.022378,15.844437500000002,19.805546874999997
boom,0.8,1,-6.0,19,-5.961279,15.515105,19.39388125
boom,0.8,1,-4.0,18,-3.9262930000000003,15.360334,19.2004175
boom,0.8,1,-2.0,19,-1.926796,15.078732,18.848415
boom,0.8,1,-0.0,18,-0.015559000000000002,15.291178,19.1139725
boom,0.8,1,2.0,19,1.950347,15.118962,18.8987025
boom,0.8,1,4.0,19,4.034934,15.237402,19.046752499999997
boom,0.8,1,6.0,18,5.984386,15.031524999999998,18.78940625
boom,0.8,1,8.0,20,7.9948250000000005,15.242051,19.052563749999997
boom,0.8,1,10.0,18,10.0114725,15.275229,19.09403625
boom,0.8,1,12.0,19,12.012212,14.883923,18.60490375
boom,0.8,1,14.0,18,14.056201,15.582821,19.478526249999998
boom,0.8,1,16.0,18,16.043485,15.708155999999999,19.635195
boom,0.8,1,18.0,18,17.9925135,15.888796,19.860995
boom,0.8,1,20.0,17,19.985664,15.694284,19.617855
boom,0.8,1,22.0,17,21.951859,15.745723,19.682153749999998
boom,0.8,1,24.0,18,23.92344,16.470391499999998,20.587989375
boom,0.8,1,26.0,18,26.017671,16.357028999999997,20.446286249999996
boom,0.8,1,28.0,22,28.360679,16.188554500000002,20.235693124999997
boom,1.0,-1,-52.0,20,-51.58806800000001,-16.447663499999997,-16.447663499999997
boom,1.0,-1,-48.0,18,-48.042461,16.185288,16.185288
boom,1.0,-1,-46.0,18,-46.004484,15.300083,15.300083
boom,1.0,-1,-44.0,20,-43.982359,15.042600499999999,15.042600499999999
boom,1.0,-1,-42.0,18,-41.973791500000004,14.5831205,14.5831205
boom,1.0,-1,-40.0,21,-40.020058,14.434704,14.434704
boom,1.0,-1,-38.0,21,-37.921467,13.925858,13.925858
boom,1.0,-1,-36.0,21,-35.902763,13.345649,13.345649
boom,1.0,-1,-34.0,20,-33.9501705,13.258202,13.258202
boom,1.0,-1,-32.0,21,-32.062557,12.978106,12.978106
boom,1.0,-1,-30.0,23,-30.029827,12.61805,12.61805
boom,1.0,-1,-28.0,22,-28.026579499999997,12.5308205,12.5308205
boom,1.0,-1,-26.0,24,-25.9809935,12.280526,12.280526
boom,1.0,-1,-24.0,22,-24.0148685,12.1543915,12.1543915
boom,1.0,-1,-22.0,24,-22.019347,12.189302000000001,12.189302000000001
boom,1.0,-1,-20.0,24,-19.995296000000003,11.663312999999999,11.663312999999999
boom,1.0,-1,-18.0,25,-17.942482,11.71091,11.71091
boom,1.0,-1,-16.0,24,-15.946666500000001,11.720979,11.720979
boom,1.0,-1,-14.0,24,-13.9858565,11.5516915,11.5516915
boom,1.0,-1,-12.0,24,-12.0508845,11.4464465,11.4464465
boom,1.0,-1,-10.0,26,-9.9809075,11.1357115,11.1357115
boom,1.0,-1,-8.0,25,-8.023464,11.198916,11.198916
boom,1.0,-1,-6.0,25,-6.015634,11.064151,11.064151
boom,1.0,-1,-4.0,25,-4.068716,11.044433,11.044433
boom,1.0,-1,-2.0,26,-2.026244,11.152792,11.152792
boom,1.0,-1,-0.0,25,-0.011024,11.341674,11.341674
boom,1.0,-1,2.0,26,1.9620535000000001,11.154482999999999,11.154482999999999
boom,1.0,-1,4.0,26,4.043731,10.7929435,10.7929435
boom,1.0,-1,6.0,25,6.009815,10.845833,10.845833
boom,1.0,-1,8.0,26,7.991396,11.227917999999999,11.227917999999999
boom,1.0,-1,10.0,24,9.983072,11.3144885,11.3144885
boom,1.0,-1,12.0,26,12.016918,11.355833,11.355833
boom,1.0,-1,14.0,25,14.009783,11.466191,11.466191
boom,1.0,-1,16.0,24,16.015563,11.581756500000001,11.581756500000001
boom,1.0,-1,18.0,25,17.981714,11.540852,11.540852
boom,1.0,-1,20.0,24,20.0541105,11.8297125,11.8297125
boom,1.0,-1,22.0,12,21.505723,11.707728,11.707728
boom,1.0,1,-36.0,12,-35.9328385,21.221265000000002,21.221265000000002
boom,1.0,1,-34.0,14,-33.9927695,20.1827395,20.1827395
boom,1.0,1,-32.0,15,-31.99789,19.674273,19.674273
boom,1.0,1,-30.0,14,-29.978313,19.309503499999998,19.309503499999998
boom,1.0,1,-28.0,15,-28.115885,18.479544,18.479544
boom,1.0,1,-26.0,16,-26.019454,18.74816,18.74816
boom,1.0,1,-24.0,16,-23.942086,17.7105665,17.7105665
boom,1.0,1,-22.0,16,-21.921027000000002,17.894928,17.894928
boom,1.0,1,-20.0,15,-20.00703,17.030573,17.030573
boom,1.0,1,-18.0,18,-17.945597,17.1754485,17.1754485
boom,1.0,1,-16.0,15,-15.886186,17.259678,17.259678
boom,1.0,1,-14.0,16,-14.1241065,17.1693195,17.1693195
boom,1.0,1,-12.0,18,-12.012369,16.6389085,16.6389085
boom,1.0,1,-10.0,17,-9.987785,16.710934,16.710934
boom,1.0,1,-8.0,17,-7.984613,16.318428,16.318428
boom,1.0,1,-6.0,17,-5.890847,16.783663,16.783663
boom,1.0,1,-4.0,18,-3.981618,16.270424,16.270424
boom,1.0,1,-2.0,17,-1.99865,16.12376,16.12376
boom,1.0,1,-0.0,18,0.0496145,16.040429500000002,16.040429500000002
boom,1.0,1,2.0,17,2.083276,16.119797,16.119797
boom,1.0,1,4.0,17,3.987533,15.886213,15.886213
boom,1.0,1,6.0,18,6.0123145000000005,16.079615999999998,16.079615999999998
boom,1.0,1,8.0,18,8.0272,16.019464499999998,16.019464499999998
boom,1.0,1,10.0,16,9.9385255,16.6221685,16.6221685
boom,1.0,1,12.0,17,11.976723,16.287983,16.287983
boom,1.0,1,14.0,18,13.946952,16.564473,16.564473
boom,1.0,1,16.0,17,16.026819,16.556181,16.556181
boom,1.0,1,18.0,17,18.00461,16.689522,16.689522
boom,1.0,1,20.0,16,19.9981785,17.157680499999998,17.157680499999998
boom,1.0,1,22.0,16,21.9313615,17.312027999999998,17.312027999999998
boom,1.0,1,24.0,17,23.88924,17.649813,17.649813
boom,1.0,1,26.0,16,26.038592,17.621270000000003,17.621270000000003
boom,1.0,1,28.0,21,28.346663,17.585051,17.585051
bucket,0.2,1,-114.0,6,-113.339081,6.328053499999999,31.640267499999997
bucket,0.2,1,-112.0,16,-111.9556235,6.135003,30.675015000000002
bucket,0.2,1,-110.0,18,-109.94384,5.8070125,29.0350625
bucket,0.2,1,-108.0,18,-107.9555665,5.625828,28.12914
bucket,0.2,1,-106.0,19,-106.01445,5.10536,25.526799999999998
bucket,0.2,1,-104.0,20,-103.9596445,5.1884885,25.9424425
bucket,0.2,1,-102.0,18,-101.9346235,4.776236,23.88118
bucket,0.2,1,-100.0,9,-100.529182,4.765113,23.825565
bucket,0.2,1,-98.0,5,-98.59568,3.521936,17.60968
bucket,0.2,1,-38.0,2,-37.6251755,3.2787625,16.3938125
bucket,0.2,1,-30.0,7,-29.559021,3.079545,15.397725
bucket,0.2,1,-26.0,18,-25.846015,4.7349274999999995,23.6746375
bucket,0.2,1,-24.0,5,-24.678114,4.776746,23.88373
bucket,0.2,1,-14.0,9,-13.982926,10.800903,54.004515
bucket,0.2,1,-12.0,8,-12.0311385,11.440383,57.201915
bucket,0.2,1,-10.0,9,-10.007894,11.825253,59.126265
bucket,0.2,1,-8.0,8,-8.015049,12.397587,61.98793499999999
bucket,0.2,1,-6.0,8,-5.955884,12.2875115,61.4375575
bucket,0.2,1,-4.0,7,-4.105941,13.262039,66.310195
bucket,0.2,1,-2.0,8,-2.086964,13.0126805,65.0634025
bucket,0.2,1,-0.0,7,-0.03411,13.561921,67.80960499999999
bucket,0.2,1,2.0,7,1.989894,13.977061,69.885305
bucket,0.2,1,4.0,6,3.8602179999999997,14.721819,73.609095
bucket,0.2,1,6.0,7,5.883333,16.303455,81.517275
bucket,0.2,1,8.0,6,8.026435,15.953402,79.76701
bucket,0.2,1,10.0,6,10.020454,16.910211500000003,84.5510575
bucket,0.2,1,12.0,6,12.0638345,17.788480999999997,88.94240499999998
bucket,0.2,1,14.0,5,14.002419,18.4951,92.4755
bucket,0.2,1,16.0,5,15.954242,17.878035,89.390175
bucket,0.2,1,18.0,6,18.0842905,18.8400375,94.2001875
bucket,0.4,-1,-114.0,13,-114.153549,4.550347,11.3758675
bucket,0.4,-1,-112.0,19,-112.012032,4.818075,12.0451875
bucket,0.4,-1,-110.0,18,-110.154213,4.698100999999999,11.7452525
bucket,0.4,-1,-108.0,26,-107.81363300000001,4.4070025,11.01750625
bucket,0.4,-1,-106.0,25,-105.996902,4.368612,10.921529999999999
bucket,0.4,-1,-104.0,7,-104.711067,4.222768,10.55692
bucket,0.4,-1,-102.0,9,-101.884834,4.317581,10.793952499999998
bucket,0.4,-1,-100.0,8,-100.3581465,4.3909839999999996,10.97746
bucket,0.4,-1,-98.0,24,-97.65830249999999,4.434672,11.08668
bucket,0.4,-1,-96.0,18,-95.934845,3.8224145,9.556036249999998
bucket,0.4,-1,-92.0,3,-91.460091,2.256308,5.64077
bucket,0.4,-1,-72.0,2,-72.663006,2.2248634999999997,5.56215875
bucket,0.4,-1,-70.0,6,-69.62729250000001,3.0280965,7.57024125
bucket,0.4,-1,-68.0,1,-67.481606,2.949055,7.3726375
bucket,0.4,-1,-66.0,1,-65.851311,4.172107,10.430267499999998
bucket,0.4,-1,-62.0,4,-62.006962,2.9478655,7.369663749999999
bucket,0.4,-1,-58.0,1,-58.082027,5.0194,12.548499999999999
bucket,0.4,-1,-56.0,8,-55.6803285,4.4136524999999995,11.03413125
bucket,0.4,-1,-54.0,5,-54.443203,4.715572,11.788929999999999
bucket,0.4,-1,-52.0,9,-51.263901,4.284599,10.7114975
bucket,0.4,-1,-50.0,43,-50.008278,4.624396,11.560989999999999
bucket,0.4,-1,-48.0,27,-48.128529,4.500233,11.250582499999998
bucket,0.4,-1,-46.0,52,-45.8763295,4.7865905,11.96647625
bucket,0.4,-1,-44.0,55,-44.067627,5.014797,12.536992499999998
bucket,0.4,-1,-42.0,31,-42.209106,4.118798,10.296994999999999
bucket,0.4,-1,-40.0,57,-39.95528,4.842175,12.105437499999999
bucket,0.4,-1,-38.0,58,-38.062402500000005,4.9537130000000005,12.3842825
bucket,0.4,-1,-36.0,55,-36.01683,5.188859,12.972147499999998
bucket,0.4,-1,-34.0,53,-33.990612,5.407231,13.5180775
bucket,0.4,-1,-32.0,51,-32.011402,5.639761,14.0994025
bucket,0.4,-1,-30.0,49,-29.962563,5.857201,14.6430025
bucket,0.4,-1,-28.0,46,-28.017298,6.150806,15.377015
bucket,0.4,-1,-26.0,45,-25.999277,6.260332,15.65083
bucket,0.4,-1,-24.0,43,-23.994329,6.726968,16.81742
bucket,0.4,-1,-22.0,42,-21.992825500000002,6.7852505,16.96312625
bucket,0.4,-1,-20.0,38,-19.9861365,7.4580855,18.645213749999996
bucket,0.4,-1,-18.0,36,-17.993088,7.79399,19.484975
bucket,0.4,-1,-16.0,35,-15.991754,8.150801,20.377002499999996
bucket,0.4,-1,-14.0,34,-14.01595,8.7007715,21.751928749999998
bucket,0.4,-1,-12.0,32,-12.005614000000001,9.245601,23.114002499999998
bucket,0.4,-1,-10.0,30,-9.9867805,9.6533965,24.13349125
bucket,0.4,-1,-8.0,29,-8.005883,9.391379,23.4784475
bucket,0.4,-1,-6.0,28,-6.0447855,9.6862435,24.21560875
bucket,0.4,-1,-4.0,28,-3.9834415,10.629760000000001,26.574399999999997
bucket,0.4,-1,-2.0,25,-1.992188,10.966883,27.417207499999996
bucket,0.4,-1,-0.0,24,-0.029288,11.968394,29.920984999999998
bucket,0.4,-1,2.0,12,1.690376,12.4064115,31.016028749999997
bucket,0.4,1,-98.0,1,-97.310234,22.171053,55.4276325
bucket,0.4,1,-96.0,4,-96.1105615,23.101196,57.75299
bucket,0.4,1,-94.0,5,-93.954262,22.347076,55.86769
bucket,0.4,1,-92.0,4,-91.6875495,21.9755595,54.93889874999999
bucket,0.4,1,-90.0,4,-89.87480199999999,23.319708,58.29926999999999
bucket,0.4,1,-88.0,6,-87.864338,22.2258395,55.564598749999995
bucket,0.4,1,-86.0,9,-86.008125,21.655109,54.1377725
bucket,0.4,1,-84.0,8,-84.00184250000001,22.6648845,56.66221125
bucket,0.4,1,-82.0,9,-81.950775,21.023312,52.558279999999996
bucket,0.4,1,-80.0,8,-80.02920900000001,21.078028500000002,52.69507125
bucket,0.4,1,-78.0,10,-77.95363599999999,21.335124,53.33780999999999
bucket,0.4,1,-76.0,8,-75.98048750000001,21.578176499999998,53.94544125
bucket,0.4,1,-74.0,9,-74.044037,22.132416,55.331039999999994
bucket,0.4,1,-72.0,9,-71.864098,22.284355,55.7108875
bucket,0.4,1,-70.0,8,-69.9792975,22.179014,55.447534999999995
bucket,0.4,1,-68.0,9,-67.905281,22.359377,55.898442499999994
bucket,0.4,1,-66.0,8,-66.023163,22.5925455,56.48136375
bucket,0.4,1,-64.0,9,-63.914761,22.762117,56.905292499999995
bucket,0.4,1,-62.0,8,-62.03644,22.152361,55.3809025
bucket,0.4,1,-60.0,9,-59.985107,22.468994,56.172484999999995
bucket,0.4,1,-58.0,8,-57.967171,22.118002,55.295005
bucket,0.4,1,-56.0,8,-56.183473500000005,22.6622675,56.655668750000004
bucket,0.4,1,-54.0,9,-53.970989,22.537304,56.343259999999994
bucket,0.4,1,-52.0,8,-51.9056565,23.6046345,59.01158624999999
bucket,0.4,1,-50.0,7,-50.08662,24.75182,61.879549999999995
bucket,0.4,1,-48.0,9,-48.069653,25.018961,62.5474025
bucket,0.4,1,-46.0,7,-45.973591,24.037058,60.09264499999999
bucket,0.4,1,-44.0,7,-44.073666,24.943316,62.35829
bucket,0.4,1,-42.0,9,-41.959721,24.271999,60.6799975
bucket,0.4,1,-40.0,8,-40.0066225,23.866293,59.665732500000004
bucket,0.4,1,-38.0,7,-38.101677,25.817341,64.5433525
bucket,0.4,1,-36.0,7,-35.99078,26.972624,67.43155999999999
bucket,0.4,1,-34.0,7,-33.912624,28.657267,71.6431675
bucket,0.4,1,-32.0,7,-32.054554,26.952713,67.3817825
bucket,0.4,1,-30.0,6,-29.9609095,30.431762499999998,76.07940625
bucket,0.4,1,-28.0,6,-28.063128499999998,31.211651500000002,78.02912875
bucket,0.4,1,-26.0,6,-26.1530935,30.835867999999998,77.08966999999998
bucket,0.4,1,-24.0,7,-24.110226,31.658939,79.1473475
bucket,0.4,1,-22.0,6,-21.82625,32.4854,81.2135
bucket,0.4,1,-20.0,5,-19.846371,32.724743,81.81185749999999
bucket,0.4,1,-18.0,6,-17.890259999999998,34.655660499999996,86.63915125
bucket,0.4,1,-16.0,4,-16.068368,37.160402500000004,92.90100625
bucket,0.4,1,-14.0,6,-14.1178505,35.298378,88.245945
bucket,0.4,1,-12.0,5,-12.005997,36.65287,91.63217499999999
bucket,0.4,1,-10.0,5,-9.839229,37.921581,94.80395250000001
bucket,0.4,1,-6.0,4,-5.8283915,45.432804000000004,113.58201
bucket,0.4,1,-4.0,4,-4.0365459999999995,42.764568,106.91141999999999
bucket,0.4,1,-2.0,5,-2.031995,44.361443,110.90360749999999
bucket,0.4,1,-0.0,4,0.19033,46.43309,116.082725
bucket,0.4,1,2.0,4,2.3255974999999998,49.3216455,123.30411375
bucket,0.4,1,4.0,3,4.014881,49.350697,123.37674249999999
bucket,0.4,1,6.0,4,6.0852885,51.494413,128.7360325
bucket,0.4,1,10.0,3,10.133118,54.930866,137.327165
bucket,0.4,1,12.0,4,11.918556500000001,57.143817999999996,142.859545
bucket,0.4,1,14.0,3,14.083358,57.586647,143.96661749999998
bucket,0.4,1,20.0,11,20.249857,-2.587306,-6.468265
bucket,0.4,1,22.0,28,21.779505,1.2509975,3.12749375
bucket,0.6,-1,-116.0,9,-115.91552,31.409157,52.348595
bucket,0.6,-1,-114.0,9,-113.958473,31.071114,51.78519000000001
bucket,0.6,-1,-112.0,9,-112.12841,28.987171,48.311951666666666
bucket,0.6,-1,-110.0,11,-110.165863,28.364243,47.273738333333334
bucket,0.6,-1,-108.0,10,-107.999428,27.274272,45.45712
bucket,0.6,-1,-106.0,10,-106.044033,26.116543,43.527571666666674
bucket,0.6,-1,-104.0,11,-104.196838,26.578781,44.29796833333334
bucket,0.6,-1,-102.0,11,-102.047295,25.101477,41.835795
bucket,0.6,-1,-100.0,11,-99.9897,25.50305,42.50508333333334
bucket,0.6,-1,-98.0,11,-98.133308,24.967848,41.613080000000004
bucket,0.6,-1,-96.0,12,-96.052261,24.5253735,40.875622500000006
bucket,0.6,-1,-94.0,12,-93.939232,24.225897,40.376495000000006
bucket,0.6,-1,-92.0,11,-91.98214,24.943253,41.57208833333333
bucket,0.6,-1,-90.0,12,-89.9516605,24.171048,40.28508000000001
bucket,0.6,-1,-88.0,11,-87.881401,23.735495,39.559158333333336
bucket,0.6,-1,-86.0,12,-86.1008415,24.039299999999997,40.0655
bucket,0.6,-1,-84.0,12,-84.04577599999999,23.700553499999998,39.5009225
bucket,0.6,-1,-82.0,12,-81.915817,23.420957,39.03492833333333
bucket,0.6,-1,-80.0,11,-80.054169,24.165339,40.275565
bucket,0.6,-1,-78.0,12,-78.071068,24.1782605,40.29710083333333
bucket,0.6,-1,-76.0,12,-76.05970400000001,24.071566,40.11927666666667
bucket,0.6,-1,-74.0,12,-73.9773365,24.229274,40.38212333333334
bucket,0.6,-1,-72.0,11,-71.98616,24.707758,41.17959666666667
bucket,0.6,-1,-70.0,12,-69.989292,24.3340155,40.5566925
bucket,0.6,-1,-68.0,11,-67.810822,25.394161,42.32360166666667
bucket,0.6,-1,-66.0,11,-66.098145,26.246567,43.744278333333334
bucket,0.6,-1,-64.0,11,-63.980251,24.767385,41.278975
bucket,0.6,-1,-62.0,12,-62.001688,26.345828,43.909713333333336
bucket,0.6,-1,-60.0,10,-60.015032,25.7061415,42.84356916666667
bucket,0.6,-1,-58.0,11,-57.914223,26.951672,44.91945333333333
bucket,0.6,-1,-56.0,10,-55.9990845,27.3816485,45.63608083333334
bucket,0.6,-1,-54.0,11,-54.275234,26.764812,44.60802
bucket,0.6,-1,-52.0,10,-51.9186285,27.57938,45.96563333333334
bucket,0.6,-1,-50.0,10,-50.120996500000004,28.4840345,47.47339083333333
bucket,0.6,-1,-48.0,10,-48.0856495,28.70098,47.83496666666667
bucket,0.6,-1,-46.0,10,-46.0168,30.173583,50.289305
bucket,0.6,-1,-44.0,10,-43.7892495,29.2724155,48.78735916666667
bucket,0.6,-1,-42.0,9,-41.985157,27.883444,46.47240666666667
bucket,0.6,-1,-40.0,10,-40.057745,29.824952,49.70825333333333
bucket,0.6,-1,-38.0,9,-38.077442,31.638906,52.73151
bucket,0.6,-1,-36.0,9,-35.897751,34.215805,57.026341666666674
bucket,0.6,-1,-34.0,8,-33.8933905,35.521759,59.20293166666667
bucket,0.6,-1,-32.0,8,-31.9593265,36.0059665,60.00994416666667
bucket,0.6,-1,-30.0,7,-29.912361,38.19207,63.65345000000001
bucket,0.6,-1,-28.0,8,-28.132762,39.198207999999994,65.33034666666666
bucket,0.6,-1,-24.0,6,-24.054817999999997,43.627306000000004,72.71217666666666
bucket,0.6,-1,-20.0,6,-20.036823,46.6382335,77.73038916666667
bucket,0.6,-1,-18.0,6,-18.001461,47.404596,79.00766
bucket,0.6,-1,-16.0,5,-16.218899,46.028435,76.71405833333334
bucket,0.6,-1,-14.0,1,-14.357521,49.451523,82.419205
bucket,0.6,1,-100.0,4,-99.6648255,32.5140325,54.19005416666667
bucket,0.6,1,-98.0,5,-97.755058,36.633347,61.05557833333334
bucket,0.6,1,-96.0,9,-96.21151,34.920422,58.20070333333334
bucket,0.6,1,-94.0,9,-94.02494,35.103241,58.505401666666664
bucket,0.6,1,-92.0,8,-91.8486445,33.113834499999996,55.189724166666664
bucket,0.6,1,-90.0,8,-89.99175249999999,33.451072999999994,55.75178833333333
bucket,0.6,1,-88.0,8,-88.137642,34.0960005,56.826667500000006
bucket,0.6,1,-86.0,9,-86.173119,33.560406,55.93401
bucket,0.6,1,-84.0,9,-83.99041,33.351353,55.58558833333334
bucket,0.6,1,-82.0,8,-81.9327505,32.814924000000005,54.69154
bucket,0.6,1,-80.0,9,-79.878563,33.710495,56.184158333333336
bucket,0.6,1,-78.0,9,-77.776161,32.330055,53.883425
bucket,0.6,1,-76.0,7,-75.953667,32.886967,54.811611666666664
bucket,0.6,1,-74.0,9,-74.318169,31.955311,53.258851666666665
bucket,0.6,1,-72.0,9,-72.093323,33.535839,55.89306500000001
bucket,0.6,1,-70.0,9,-69.973648,33.059334,55.098890000000004
bucket,0.6,1,-68.0,8,-67.883812,32.676401,54.46066833333334
bucket,0.6,1,-66.0,8,-66.066536,33.707773,56.17962166666667
bucket,0.6,1,-64.0,9,-64.095734,32.545284,54.242140000000006
bucket,0.6,1,-62.0,8,-61.890758500000004,34.629234499999995,57.71539083333333
bucket,0.6,1,-60.0,8,-60.0642015,33.784000000000006,56.30666666666667
bucket,0.6,1,-58.0,8,-58.070409999999995,35.806019000000006,59.67669833333334
bucket,0.6,1,-56.0,9,-56.036221,34.721252,57.86875333333334
bucket,0.6,1,-54.0,6,-54.1131265,35.367861000000005,58.94643500000001
bucket,0.6,1,-52.0,9,-52.195633,36.617279,61.02879833333334
bucket,0.6,1,-50.0,9,-49.878384,36.049812,60.083020000000005
bucket,0.6,1,-48.0,6,-47.862091,38.720158,64.53359666666668
bucket,0.6,1,-46.0,8,-45.928785500000004,37.619693999999996,62.69949
bucket,0.6,1,-44.0,7,-44.18161,38.294403,63.82400500000001
bucket,0.6,1,-42.0,8,-41.8625565,37.400932499999996,62.3348875
bucket,0.6,1,-40.0,7,-40.179173,34.338909,57.231515
bucket,0.6,1,-38.0,8,-38.150928500000006,38.997652,64.99608666666667
bucket,0.6,1,-36.0,7,-35.878147,41.565441,69.275735
bucket,0.6,1,-34.0,6,-33.920280500000004,42.853500499999996,71.42250083333333
bucket,0.6,1,-32.0,6,-32.141551,42.2533035,70.42217250000002
bucket,0.6,1,-30.0,7,-30.070944,46.129063,76.88177166666668
bucket,0.6,1,-28.0,7,-27.994854,46.914001,78.19000166666667
bucket,0.6,1,-26.0,5,-26.003307,48.086178,80.14363
bucket,0.6,1,-22.0,4,-21.87413,55.9279425,93.2132375
bucket,0.6,1,-20.0,6,-20.2116225,52.695902000000004,87.82650333333333
bucket,0.6,1,-16.0,4,-16.080845500000002,62.1347755,103.55795916666668
bucket,0.6,1,-14.0,5,-13.961261,56.988899,94.98149833333335
bucket,0.6,1,-12.0,6,-11.86552,59.755169,99.59194833333333
bucket,0.6,1,-10.0,3,-10.014081,59.357674,98.92945666666668
bucket,0.6,1,-8.0,6,-7.9823255,64.5578535,107.5964225
bucket,0.6,1,-4.0,3,-4.277461,68.173859,113.62309833333333
bucket,0.6,1,-2.0,6,-2.000863,71.9131395,119.8552325
bucket,0.6,1,-0.0,3,0.169566,74.599312,124.33218666666667
bucket,0.6,1,2.0,3,1.774087,77.214775,128.69129166666667
bucket,0.6,1,4.0,4,3.610786,76.20446799999999,127.00744666666667
bucket,0.6,1,10.0,3,9.693582,94.157082,156.92847
bucket,0.6,1,14.0,3,14.723114,100.936646,168.22774333333334
bucket,0.6,1,16.0,2,16.326452500000002,100.5636215,167.60603583333335
bucket,0.6,1,18.0,3,18.579138,104.797516,174.66252666666668
bucket,0.8,-1,-116.0,6,-115.7662275,48.251138499999996,60.313923125
bucket,0.8,-1,-114.0,6,-113.82597,45.463035500000004,56.828794375
bucket,0.8,-1,-112.0,6,-111.9331895,46.059595,57.574493749999995
bucket,0.8,-1,-110.0,6,-109.865639,43.2841515,54.105189374999995
bucket,0.8,-1,-108.0,6,-108.13309100000001,43.032194000000004,53.7902425
bucket,0.8,-1,-106.0,8,-105.9448395,41.995050500000005,52.493813125
bucket,0.8,-1,-104.0,7,-103.998848,40.096119,50.12014875
bucket,0.8,-1,-102.0,6,-101.9783325,39.455228500000004,49.319035625
bucket,0.8,-1,-100.0,8,-99.998787,38.561161,48.20145124999999
bucket,0.8,-1,-98.0,7,-98.142082,38.894119,48.61764875
bucket,0.8,-1,-96.0,8,-95.897606,37.4126165,46.765770625
bucket,0.8,-1,-94.0,7,-94.003777,37.611256,47.01407
bucket,0.8,-1,-92.0,8,-91.87312349999999,37.8023435,47.252929374999994
bucket,0.8,-1,-90.0,7,-89.952301,36.643764,45.80470499999999
bucket,0.8,-1,-88.0,8,-88.1124995,36.044456499999995,45.055570624999994
bucket,0.8,-1,-86.0,8,-85.90207649999999,35.948265,44.93533125
bucket,0.8,-1,-84.0,8,-83.895546,35.537233,44.42154125
bucket,0.8,-1,-82.0,7,-82.205475,37.023674,46.2795925
bucket,0.8,-1,-80.0,9,-79.846878,36.009075,45.01134375
bucket,0.8,-1,-78.0,7,-77.871109,36.352463,45.44057875
bucket,0.8,-1,-76.0,8,-76.101574,35.94146,44.926824999999994
bucket,0.8,-1,-74.0,8,-73.895546,37.2408845,46.55110562499999
bucket,0.8,-1,-72.0,7,-72.240883,37.203575,46.50446875
bucket,0.8,-1,-70.0,8,-69.911003,36.87854,46.098175
bucket,0.8,-1,-68.0,7,-68.201653,36.708031,45.88503874999999
bucket,0.8,-1,-66.0,8,-66.004101,38.362713,47.953391249999996
bucket,0.8,-1,-64.0,7,-64.181274,37.857353,47.32169125
bucket,0.8,-1,-62.0,8,-62.017328500000005,39.0817435,48.85217937499999
bucket,0.8,-1,-60.0,7,-60.144909,41.532368,51.915459999999996
bucket,0.8,-1,-58.0,7,-58.048805,39.717323,49.64665375
bucket,0.8,-1,-56.0,7,-55.955433,39.460918,49.3261475
bucket,0.8,-1,-54.0,7,-54.084946,40.796928,50.996159999999996
bucket,0.8,-1,-52.0,7,-52.091351,41.8993,52.37412499999999
bucket,0.8,-1,-48.0,6,-48.3171655,48.703227999999996,60.879034999999995
bucket,0.8,-1,-46.0,6,-46.257099,44.9346565,56.16832062499999
bucket,0.8,-1,-44.0,8,-43.9471015,44.9127085,56.140885624999996
bucket,0.8,-1,-42.0,6,-41.944702,44.402912,55.50364
bucket,0.8,-1,-38.0,5,-38.03101,49.816063,62.270078749999996
bucket,0.8,-1,-36.0,6,-36.098245500000004,52.403038,65.5037975
bucket,0.8,-1,-34.0,5,-33.891273,50.61533,63.2691625
bucket,0.8,-1,-32.0,5,-32.068405,54.87759,68.5969875
bucket,0.8,-1,-30.0,5,-30.104849,57.72163,72.15203749999999
bucket,0.8,-1,-26.0,5,-25.965467,66.093658,82.6170725
bucket,0.8,-1,-24.0,4,-23.9925205,67.0203245,83.77540562499999
bucket,0.8,-1,-22.0,3,-22.493191,62.538261,78.17282625
bucket,0.8,1,-98.0,1,-97.694557,39.223499,49.02937374999999
bucket,0.8,1,-96.0,7,-95.917732,40.26775,50.334687499999994
bucket,0.8,1,-94.0,6,-93.9268645,42.510891,53.13861375
bucket,0.8,1,-92.0,7,-92.050827,38.530998,48.16374749999999
bucket,0.8,1,-90.0,8,-90.0525705,40.2334745,50.291843125
bucket,0.8,1,-88.0,6,-88.00416200000001,38.96199,48.7024875
bucket,0.8,1,-86.0,8,-86.0807915,38.2629165,47.82864562499999
bucket,0.8,1,-84.0,7,-84.121315,39.529587,49.41198375
bucket,0.8,1,-82.0,8,-81.8739965,38.754581,48.443226249999995
bucket,0.8,1,-80.0,7,-79.972786,38.726295,48.40786875
bucket,0.8,1,-78.0,6,-78.07912049999999,38.1106015,47.638251874999995
bucket,0.8,1,-76.0,9,-76.121109,38.083439,47.60429875
bucket,0.8,1,-74.0,6,-74.0502015,38.3152675,47.89408437499999
bucket,0.8,1,-72.0,9,-71.990257,38.811691,48.51461375
bucket,0.8,1,-70.0,6,-69.8176345,38.7578925,48.447365625
bucket,0.8,1,-68.0,8,-68.0215,38.405305999999996,48.006632499999995
bucket,0.8,1,-66.0,7,-66.060997,39.236256,49.04532
bucket,0.8,1,-64.0,6,-63.9956725,39.116851999999994,48.89606499999999
bucket,0.8,1,-62.0,8,-62.089729500000004,39.5023385,49.377923124999995
bucket,0.8,1,-60.0,7,-60.13372,40.255714,50.31964249999999
bucket,0.8,1,-58.0,6,-58.0324745,41.177955499999996,51.472444374999995
bucket,0.8,1,-56.0,8,-56.11125,41.4711875,51.838984374999995
bucket,0.8,1,-54.0,6,-54.1077865,40.3336925,50.417115624999994
bucket,0.8,1,-52.0,7,-52.087975,42.169792,52.71224
bucket,0.8,1,-50.0,6,-50.110636,42.10989,52.637362499999995
bucket,0.8,1,-48.0,6,-48.2959235,43.320659500000005,54.150824375
bucket,0.8,1,-46.0,8,-46.039201500000004,44.174978499999995,55.218723125
bucket,0.8,1,-44.0,6,-43.956732,45.226734,56.5334175
bucket,0.8,1,-42.0,7,-41.952084,43.692242,54.6153025
bucket,0.8,1,-40.0,6,-39.865550999999996,41.298269,51.62283624999999
bucket,0.8,1,-38.0,6,-38.087837,44.8068775,56.008596875
bucket,0.8,1,-36.0,6,-35.957352,49.981586500000006,62.476983125000004
bucket,0.8,1,-34.0,5,-34.254871,50.081226,62.6015325
bucket,0.8,1,-32.0,6,-32.048052,51.99864,64.9983
bucket,0.8,1,-30.0,4,-30.062666,52.866194,66.0827425
bucket,0.8,1,-28.0,6,-28.272856,52.8436105,66.054513125
bucket,0.8,1,-26.0,5,-26.256954,57.384727,71.73090875
bucket,0.8,1,-24.0,5,-23.988552,57.764908,72.20613499999999
bucket,0.8,1,-22.0,5,-22.083668,59.99221,74.9902625
bucket,0.8,1,-20.0,4,-20.070346,62.460165,78.07520625
bucket,0.8,1,-18.0,4,-18.2871685,62.980135000000004,78.72516875
bucket,0.8,1,-16.0,5,-15.982874,65.900215,82.37526875
bucket,0.8,1,-14.0,4,-14.0463445,68.9086115,86.13576437500001
bucket,0.8,1,-12.0,4,-11.8944185,68.89775449999999,86.122193125
bucket,0.8,1,-8.0,3,-8.297846,76.933434,96.1667925
bucket,0.8,1,-6.0,4,-6.3280815,79.13121799999999,98.91402249999999
bucket,0.8,1,-4.0,4,-3.877498,81.665806,102.0822575
bucket,0.8,1,-2.0,3,-1.62161,85.858841,107.32355125
bucket,0.8,1,-0.0,3,0.251119,88.713593,110.89199125
bucket,0.8,1,2.0,3,2.163776,92.427872,115.53483999999999
bucket,0.8,1,4.0,3,4.032994,92.963745,116.20468125
bucket,0.8,1,6.0,3,6.040537,96.96357,121.2044625
bucket,0.8,1,10.0,2,9.2997735,107.276745,134.09593124999998
bucket,0.8,1,12.0,3,11.344903,111.264214,139.0802675
bucket,0.8,1,14.0,3,13.585122,112.477348,140.596685
bucket,1.0,-1,-116.0,6,-116.182358,49.896949500000005,49.896949500000005
bucket,1.0,-1,-114.0,6,-114.17461800000001,47.410306500000004,47.410306500000004
bucket,1.0,-1,-112.0,6,-112.0055545,46.030022,46.030022
bucket,1.0,-1,-110.0,6,-110.123131,43.161644,43.161644
bucket,1.0,-1,-108.0,7,-107.97036,43.756401,43.756401
bucket,1.0,-1,-106.0,7,-105.838882,41.282413,41.282413
bucket,1.0,-1,-104.0,7,-104.042801,40.659248,40.659248
bucket,1.0,-1,-102.0,6,-102.029789,40.0241735,40.0241735
bucket,1.0,-1,-100.0,8,-99.991451,39.7411765,39.7411765
bucket,1.0,-1,-98.0,7,-98.018333,38.068752,38.068752
bucket,1.0,-1,-96.0,7,-95.969109,38.714912,38.714912
bucket,1.0,-1,-94.0,8,-94.013416,37.356280999999996,37.356280999999996
bucket,1.0,-1,-92.0,7,-91.868263,37.710587,37.710587
bucket,1.0,-1,-90.0,7,-90.210617,37.721973,37.721973
bucket,1.0,-1,-88.0,8,-88.0364265,37.3300955,37.3300955
bucket,1.0,-1,-86.0,8,-86.022114,37.023179999999996,37.023179999999996
bucket,1.0,-1,-84.0,8,-83.84235000000001,36.481390000000005,36.481390000000005
bucket,1.0,-1,-82.0,7,-81.855286,37.468792,37.468792
bucket,1.0,-1,-80.0,8,-79.9483835,36.6826455,36.6826455
bucket,1.0,-1,-78.0,6,-78.0281335,38.0931185,38.0931185
bucket,1.0,-1,-76.0,9,-75.959435,37.061859,37.061859
bucket,1.0,-1,-74.0,6,-74.124893,38.7324505,38.7324505
bucket,1.0,-1,-72.0,9,-71.990883,37.46489,37.46489
bucket,1.0,-1,-70.0,6,-70.0025255,37.615607999999995,37.615607999999995
bucket,1.0,-1,-68.0,8,-68.0443915,39.0184135,39.0184135
bucket,1.0,-1,-66.0,7,-66.11882,38.15012,38.15012
bucket,1.0,-1,-64.0,8,-63.9854275,39.171533499999995,39.171533499999995
bucket,1.0,-1,-62.0,6,-62.156542,44.6959765,44.6959765
bucket,1.0,-1,-60.0,7,-60.070457,39.665588,39.665588
bucket,1.0,-1,-58.0,8,-58.054508,41.2630485,41.2630485
bucket,1.0,-1,-56.0,6,-55.950815000000006,40.015293,40.015293
bucket,1.0,-1,-54.0,6,-54.105068,42.6970405,42.6970405
bucket,1.0,-1,-52.0,8,-51.934229,43.234226,43.234226
bucket,1.0,-1,-50.0,7,-49.903545,45.260914,45.260914
bucket,1.0,-1,-48.0,6,-47.606068,45.105009,45.105009
bucket,1.0,-1,-46.0,6,-45.766765500000005,47.2994325,47.2994325
bucket,1.0,-1,-42.0,6,-41.7456895,42.424437,42.424437
bucket,1.0,-1,-38.0,6,-38.0211695,52.319537999999994,52.319537999999994
bucket,1.0,-1,-36.0,5,-36.151917,49.965145,49.965145
bucket,1.0,-1,-32.0,4,-32.165058,57.97085,57.97085
bucket,1.0,-1,-30.0,6,-29.855765499999997,55.980011000000005,55.980011000000005
bucket,1.0,-1,-26.0,4,-26.115555,66.150799,66.150799
bucket,1.0,-1,-24.0,5,-23.672737,65.793869,65.793869
bucket,1.0,1,-96.0,4,-95.5262875,40.849720000000005,40.849720000000005
bucket,1.0,1,-94.0,6,-93.952702,42.4568085,42.4568085
bucket,1.0,1,-92.0,6,-91.9718475,45.6665495,45.6665495
bucket,1.0,1,-90.0,8,-89.9530105,41.259348,41.259348
bucket,1.0,1,-88.0,6,-87.94391250000001,43.60746949999999,43.60746949999999
bucket,1.0,1,-86.0,6,-86.073181,42.466988,42.466988
bucket,1.0,1,-84.0,8,-83.9112015,40.903831499999995,40.903831499999995
bucket,1.0,1,-82.0,6,-81.8396985,42.337038,42.337038
bucket,1.0,1,-80.0,6,-80.158699,40.2072125,40.2072125
bucket,1.0,1,-78.0,8,-77.9938395,41.62595,41.62595
bucket,1.0,1,-76.0,6,-76.0054095,40.4400785,40.4400785
bucket,1.0,1,-74.0,7,-74.115585,41.347435,41.347435
bucket,1.0,1,-72.0,7,-71.889275,40.916431,40.916431
bucket,1.0,1,-70.0,7,-70.016464,42.404747,42.404747
bucket,1.0,1,-68.0,6,-67.93931549999999,42.452917,42.452917
bucket,1.0,1,-66.0,6,-66.098228,42.2761005,42.2761005
bucket,1.0,1,-64.0,7,-64.095718,43.94733,43.94733
bucket,1.0,1,-62.0,7,-62.000916,43.007488,43.007488
bucket,1.0,1,-60.0,7,-59.943035,43.658108,43.658108
bucket,1.0,1,-58.0,6,-57.858932499999995,45.4162215,45.4162215
bucket,1.0,1,-56.0,6,-55.9766085,42.447569,42.447569
bucket,1.0,1,-54.0,6,-54.0377215,45.440132,45.440132
bucket,1.0,1,-52.0,6,-52.1103725,45.681861999999995,45.681861999999995
bucket,1.0,1,-50.0,7,-49.956505,45.858273,45.858273
bucket,1.0,1,-48.0,5,-47.769958,47.567711,47.567711
bucket,1.0,1,-46.0,6,-46.0942535,47.965496,47.965496
bucket,1.0,1,-44.0,6,-44.0141755,48.2759095,48.2759095
bucket,1.0,1,-42.0,6,-41.963471999999996,47.337498,47.337498
bucket,1.0,1,-38.0,6,-37.976246,50.0931455,50.0931455
bucket,1.0,1,-36.0,4,-36.113980999999995,53.524708,53.524708
bucket,1.0,1,-34.0,6,-34.1078055,54.777012,54.777012
bucket,1.0,1,-32.0,5,-31.932936,55.92886,55.92886
bucket,1.0,1,-30.0,5,-29.918016,58.180744,58.180744
bucket,1.0,1,-28.0,5,-27.930172,59.331268,59.331268
bucket,1.0,1,-26.0,4,-26.004939999999998,60.5606515,60.5606515
bucket,1.0,1,-24.0,4,-24.024226499999997,63.0804555,63.0804555
bucket,1.0,1,-22.0,5,-22.240885,64.530502,64.530502
bucket,1.0,1,-20.0,4,-20.02039,65.6231845,65.6231845
bucket,1.0,1,-18.0,4,-17.910593,69.972748,69.972748
bucket,1.0,1,-16.0,4,-16.0853125,72.46463750000001,72.46463750000001
bucket,1.0,1,-14.0,4,-13.833393000000001,71.5785215,71.5785215
bucket,1.0,1,-12.0,3,-12.102726,77.322495,77.322495
bucket,1.0,1,-10.0,4,-9.9866855,78.1819725,78.1819725
bucket,1.0,1,-8.0,3,-7.871683,82.286613,82.286613
bucket,1.0,1,-6.0,3,-6.15079,86.869202,86.869202
bucket,1.0,1,-4.0,4,-3.906158,89.4502445,89.4502445
bucket,1.0,1,-2.0,3,-1.638166,93.574867,93.574867
bucket,1.0,1,2.0,3,2.51728,102.021729,102.021729
bucket,1.0,1,4.0,2,4.4123705,103.76533900000001,103.76533900000001
bucket,1.0,1,6.0,3,6.468762,105.610985,105.610985
bucket,1.0,1,10.0,2,9.744569,114.5817835,114.5817835
bucket,1.0,1,12.0,3,11.691835,117.403702,117.403702
bucket,1.0,1,18.0,10,18.1665735,9.100656,9.100656
bucket,1.0,1,20.0,34,20.408509000000002,7.772124,7.772124
